SELLER INFO,SELLER TYPE,BHK,PRICE,Area in sqft,LOCATION,STATUS,PRICE PER SQ.FT
Anuhar Homes Pvt Ltd,BUILDER,3 , 1.6 Cr,2810 ,Manikonda,Under ConstructionConstruction Status,"5,699 / sq ft"
Salarpuria Sattva,BUILDER,2 , 1.43 Cr,1495 ,Shaikpet,Ready to moveConstruction Status,"9,565 / sq ft"
Risinia Builders,BUILDER,2 , 56.98 L,1295 ,Bachupally,Under ConstructionConstruction Status,"4,400 / sq ft"
Suchirindia Constructions Pvt Ltd,BUILDER,2 , 43.6 L,890 ,Shamshabad,Under ConstructionConstruction Status,"4,899 / sq ft"
Aakriti Constructions and Developers Pvt Ltd,BUILDER,3 , 65.82 L,1431 ,Tellapur,Under ConstructionConstruction Status,"4,600 / sq ft"
Ramireddy Constructions,BUILDER,3 , 1.65 Cr,2540 ,Attapur,Under ConstructionConstruction Status,"6,501 / sq ft"
Vessella Group,BUILDER,4 , 6.22 Cr,4147 ,Serilingampally,Under ConstructionConstruction Status,"15,000 / sq ft"
Om Sree Builders And Developers,BUILDER,3 , 1.18 Cr,2200 ,Sainikpuri,Under ConstructionConstruction Status,"5,400 / sq ft"
Haripriya Developers,BUILDER,Residential Plot, 1.11 Cr,3150 ,Sheriguda,NewNew/Resale,"3,555 / sq ft"
Riddhi Group,BUILDER,3 , 95.35 L,1538 ,Manikonda,Under ConstructionConstruction Status,"6,200 / sq ft"
Vajra Builders And Developers,BUILDER,4 , 1.45 Cr,2300 ,Bachupally,Under ConstructionConstruction Status,"6,304 / sq ft"
Vasavi Constructions,BUILDER,2 , 56.02 L,1245 ,Ghatkesar,Under ConstructionConstruction Status,"4,500 / sq ft"
Theme Ambience Infrastructures,BUILDER,2 , 72.05 L,1310 ,Attapur,Under ConstructionConstruction Status,"5,500 / sq ft"
Beams And Columns Builders Private Limited,BUILDER,2 , 61.57 L,1310 ,Kompally,Under ConstructionConstruction Status,"4,700 / sq ft"
user,BUILDER,3 , 1.46 Cr,3120 ,Shankarpalli,Under ConstructionConstruction Status,"4,700 / sq ft"
Engineers Associates Pvt Ltd,BUILDER,3 , 75.58 L,1800 ,Mallampet,Under ConstructionConstruction Status,"4,199 / sq ft"
Prasad,BUILDER,3 , 96.22 L,1415 ,Nanakramguda,Ready to moveConstruction Status,"6,800 / sq ft"
Prestige Estates Projects Ltd,BUILDER,4 , 2.9 Cr,3498 ,Hitech City,Ready to moveConstruction Status,"8,290 / sq ft"
Anuhar Homes Pvt Ltd,BUILDER,3 , 97.11 L,1704 ,Manikonda,Under ConstructionConstruction Status,"5,699 / sq ft"
Salarpuria Sattva,BUILDER,4 , 3.04 Cr,2965 ,Shaikpet,Ready to moveConstruction Status,"10,252 / sq ft"
Risinia Builders,BUILDER,2 , 52.58 L,1195 ,Bachupally,Under ConstructionConstruction Status,"4,400 / sq ft"
Suchirindia Constructions Pvt Ltd,BUILDER,2 , 44.33 L,905 ,Shamshabad,Under ConstructionConstruction Status,"4,899 / sq ft"
Aakriti Constructions and Developers Pvt Ltd,BUILDER,3 , 66.01 L,1435 ,Tellapur,Under ConstructionConstruction Status,"4,600 / sq ft"
Ramireddy Constructions,BUILDER,3 , 1.65 Cr,2540 ,Attapur,Under ConstructionConstruction Status,"6,501 / sq ft"
Vessella Group,BUILDER,4 , 4.89 Cr,3262 ,Serilingampally,Under ConstructionConstruction Status,"15,000 / sq ft"
Om Sree Builders And Developers,BUILDER,3 , 1.18 Cr,2195 ,Sainikpuri,Under ConstructionConstruction Status,"5,400 / sq ft"
Haripriya Developers,BUILDER,Residential Plot, 1.11 Cr,3150 ,Sheriguda,NewNew/Resale,"3,555 / sq ft"
Riddhi Group,BUILDER,3 , 93.31 L,1505 ,Manikonda,Under ConstructionConstruction Status,"6,200 / sq ft"
Vasavi Constructions,BUILDER,2 , 56.02 L,1245 ,Ghatkesar,Under ConstructionConstruction Status,"4,500 / sq ft"
Theme Ambience Infrastructures,BUILDER,3 , 81.67 L,1485 ,Attapur,Under ConstructionConstruction Status,"5,500 / sq ft"
Beams And Columns Builders Private Limited,BUILDER,2 , 58.51 L,1245 ,Kompally,Under ConstructionConstruction Status,"4,700 / sq ft"
user,BUILDER,3 , 1.41 Cr,3000 ,Shankarpalli,Under ConstructionConstruction Status,"4,700 / sq ft"
Engineers Associates Pvt Ltd,BUILDER,2 , 47.99 L,1143 ,Mallampet,Under ConstructionConstruction Status,"4,199 / sq ft"
Prasad,BUILDER,3 , 96.9 L,1425 ,Nanakramguda,Ready to moveConstruction Status,"6,800 / sq ft"
Prestige Estates Projects Ltd,BUILDER,4 , 2.56 Cr,3031 ,Hitech City,Ready to moveConstruction Status,"8,446 / sq ft"
Anuhar Homes Pvt Ltd,BUILDER,3 , 1.6 Cr,2810 ,Manikonda,Under ConstructionConstruction Status,"5,699 / sq ft"
Salarpuria Sattva,BUILDER,3 , 1.77 Cr,1865 ,Shaikpet,Ready to moveConstruction Status,"9,490 / sq ft"
Risinia Builders,BUILDER,3 , 74.58 L,1695 ,Bachupally,Under ConstructionConstruction Status,"4,400 / sq ft"
Suchirindia Constructions Pvt Ltd,BUILDER,2 , 48.65 L,945 ,Shamshabad,Under ConstructionConstruction Status,"5,149 / sq ft"
Aakriti Constructions and Developers Pvt Ltd,BUILDER,3 , 72.22 L,1570 ,Tellapur,Under ConstructionConstruction Status,"4,600 / sq ft"
Ramireddy Constructions,BUILDER,3 , 1.65 Cr,2540 ,Attapur,Under ConstructionConstruction Status,"6,501 / sq ft"
Vessella Group,BUILDER,4 , 6.38 Cr,4258 ,Serilingampally,Under ConstructionConstruction Status,"15,000 / sq ft"
Om Sree Builders And Developers,BUILDER,3 , 1.15 Cr,2130 ,Sainikpuri,Under ConstructionConstruction Status,"5,400 / sq ft"
Haripriya Developers,BUILDER,Residential Plot, 63.99 L,1800 ,Sheriguda,NewNew/Resale,"3,555 / sq ft"
Riddhi Group,BUILDER,2 , 77.19 L,1245 ,Manikonda,Under ConstructionConstruction Status,"6,200 / sq ft"
Vasavi Constructions,BUILDER,3 , 70.65 L,1570 ,Ghatkesar,Under ConstructionConstruction Status,"4,500 / sq ft"
Theme Ambience Infrastructures,BUILDER,3 , 98.72 L,1795 ,Attapur,Under ConstructionConstruction Status,"5,500 / sq ft"
Beams And Columns Builders Private Limited,BUILDER,3 , 74.02 L,1575 ,Kompally,Under ConstructionConstruction Status,"4,700 / sq ft"
Engineers Associates Pvt Ltd,BUILDER,2 , 48.37 L,1152 ,Mallampet,Under ConstructionConstruction Status,"4,199 / sq ft"
seller,OWNER,2 , 43.17 L,1439 ,Patancheru,Ready to moveConstruction Status,"3,000 / sq ft"
Fudosan Developers and Agency,AGENT,3 , 92.62 L,1597 ,Tellapur,Under ConstructionConstruction Status,"5,800 / sq ft"
Om Sri Sai Ram Rentals,AGENT,2 , 47 L,1050 ,Nacharam,Ready to moveConstruction Status,"4,476 / sq ft"
seller,OWNER,3 , 76 L,1337 ,Miyapur,Ready to moveConstruction Status,"5,684 / sq ft"
seller,OWNER,2 , 42 L,1000 ,Mokila,Under ConstructionConstruction Status,"4,200 / sq ft"
seller,OWNER,2 , 87 L,1230 ,Manikonda,Ready to moveConstruction Status,"7,073 / sq ft"
seller,OWNER,3 , 1.2 Cr,2000 ,Bahadurpally,Under ConstructionConstruction Status,"6,000 / sq ft"
seller,OWNER,3 , 1.9 Cr,3000 ,Kollur,Under ConstructionConstruction Status,"6,333 / sq ft"
seller,OWNER,3 , 2.2 Cr,2540 ,Manikonda,Ready to moveConstruction Status,"8,661 / sq ft"
seller,OWNER,2 , 50 L,1175 ,Hastinapuram,Ready to moveConstruction Status,"4,255 / sq ft"
Dream Weavers Realty Consultants Pvt Ltd,AGENT,3 , 62.37 L,1025 ,Aushapur,Under ConstructionConstruction Status,"6,085 / sq ft"
seller,OWNER,2 , 80 L,2600 ,Mokila,Under ConstructionConstruction Status,"3,076 / sq ft"
seller,OWNER,2 , 69 L,1100 ,Nagole,Under ConstructionConstruction Status,"6,272 / sq ft"
seller,OWNER,4 , 77.99 L,1800 ,Indresham,Ready to moveConstruction Status,"4,333 / sq ft"
seller,OWNER,2 , 82.41 L,1230 ,Puppalaguda,Under ConstructionConstruction Status,"6,700 / sq ft"
seller,OWNER,3 , 1.03 Cr,1450 ,Madhapur,Under ConstructionConstruction Status,"7,103 / sq ft"
seller,OWNER,9 , 2.9 Cr,5400 ,Saidabad,Ready to moveConstruction Status,"5,370 / sq ft"
seller,OWNER,6 , 1.12 Cr,2300 ,Sainikpuri,Under ConstructionConstruction Status,"4,869 / sq ft"
seller,OWNER,2 , 50 L,1250 ,Kollur,Under ConstructionConstruction Status,"4,000 / sq ft"
seller,OWNER,2 , 2.5 Cr,1350 ,Chandanagar,Ready to moveConstruction Status,"18,518 / sq ft"
seller,OWNER,10 , 3.5 Cr,9468 ,Mehdipatnam,Ready to moveConstruction Status,"3,696 / sq ft"
seller,OWNER,3 , 42.77 L,1585 ,muthangi,Under ConstructionConstruction Status,"2,699 / sq ft"
seller,OWNER,2 , 60 L,1200 ,Ramachandra Puram,Ready to moveConstruction Status,"5,000 / sq ft"
seller,OWNER,2 , 59 L,1168 ,Mallapur,Ready to moveConstruction Status,"5,051 / sq ft"
seller,OWNER,2 , 55 L,1285 ,Gajularamaram,Ready to moveConstruction Status,"4,280 / sq ft"
seller,OWNER,2 , 40 L,1100 ,Kompally,Under ConstructionConstruction Status,"3,636 / sq ft"
seller,OWNER,3 , 42.17 L,1205 ,Chandanagar Vill,Under ConstructionConstruction Status,"3,500 / sq ft"
seller,OWNER,Residential Plot, 5.56 L,1089 ,Shamshabad,ResaleNew/Resale,511 / sq ft
seller,OWNER,3 , 1.2 Cr,1655 ,Narsingi,Ready to moveConstruction Status,"7,250 / sq ft"
seller,OWNER,3 , 1.2 Cr,1800 ,Kukatpally,Ready to moveConstruction Status,"6,666 / sq ft"
seller,OWNER,4 , 78 L,2200 ,Kundanpally,Under ConstructionConstruction Status,"3,545 / sq ft"
seller,OWNER,2 , 70 L,1300 ,Manikonda,Ready to moveConstruction Status,"5,384 / sq ft"
seller,OWNER,3 , 1.4 Cr,756 ,Jubilee Hills,Ready to moveConstruction Status,"18,518 / sq ft"
seller,OWNER,6 , 2.9 Cr,2414 ,Banjara Hills,Ready to moveConstruction Status,"12,013 / sq ft"
seller,OWNER,6 , 6 Cr,5740 ,Nallagandla Gachibowli,Ready to moveConstruction Status,"10,452 / sq ft"
seller,OWNER,2 , 45 L,935 ,Amberpet,Ready to moveConstruction Status,"4,812 / sq ft"
seller,OWNER,3 , 59 L,1705 ,Nizampet,Ready to moveConstruction Status,"3,460 / sq ft"
seller,OWNER,2 , 45 L,1136 ,Shadnagar,Ready to moveConstruction Status,"3,961 / sq ft"
seller,OWNER,3 , 1.1 Cr,1602 ,Banjara Hills,Ready to moveConstruction Status,"6,866 / sq ft"
seller,OWNER,Residential Plot, 11.26 L,1314 ,Shadnagar,ResaleNew/Resale,856 / sq ft
seller,OWNER,Residential Plot, 30 L,900 ,chandrayangutta,ResaleNew/Resale,"3,333 / sq ft"
seller,OWNER,Residential Plot, 44 L,1503 ,Medchal,ResaleNew/Resale,"2,927 / sq ft"
seller,OWNER,2 , 38 L,830 ,Serilingampally,Ready to moveConstruction Status,"4,578 / sq ft"
seller,OWNER,2 , 64.7 L,1290 ,Puppalaguda,Ready to moveConstruction Status,"5,015 / sq ft"
seller,OWNER,5 , 2.5 Cr,4400 ,Kothapet,Ready to moveConstruction Status,"5,681 / sq ft"
seller,OWNER,3 , 93 L,1332 ,Bandlaguda Jagir,Ready to moveConstruction Status,"6,981 / sq ft"
seller,OWNER,3 , 1.31 Cr,3000 ,AS Rao Nagar,Ready to moveConstruction Status,"4,366 / sq ft"
seller,OWNER,2 , 60 L,1300 ,Pasumamula,Under ConstructionConstruction Status,"4,615 / sq ft"
seller,OWNER,2 , 1.29 Cr,1360 ,Madhapur,Ready to moveConstruction Status,"9,485 / sq ft"
seller,OWNER,2 , 62 L,1197 ,Chengicherla,Ready to moveConstruction Status,"5,179 / sq ft"
seller,OWNER,2 , 53.72 L,1130 ,Karmanghat,Ready to moveConstruction Status,"4,753 / sq ft"
Fudosan Developers and Agency,AGENT,3 , 1.28 Cr,2208 ,Tellapur,Under ConstructionConstruction Status,"5,800 / sq ft"
Fudosan Developers and Agency,AGENT,3 , 2.07 Cr,3569 ,Tellapur,Under ConstructionConstruction Status,"5,800 / sq ft"
Fudosan Developers and Agency,AGENT,3 , 1.17 Cr,2132 ,Tellapur,Under ConstructionConstruction Status,"5,500 / sq ft"
Fudosan Developers and Agency,AGENT,3 , 1 Cr,2132 ,Tellapur,Under ConstructionConstruction Status,"4,700 / sq ft"
seller,OWNER,2 , 42 L,1000 ,Mokila,Under ConstructionConstruction Status,"4,200 / sq ft"
seller,OWNER,2 , 48 L,1000 ,Mokila,Under ConstructionConstruction Status,"4,800 / sq ft"
seller,OWNER,3 , 95 L,2600 ,Mokila,Under ConstructionConstruction Status,"3,653 / sq ft"
seller,OWNER,2 , 87 L,1230 ,Manikonda,Ready to moveConstruction Status,"7,073 / sq ft"
seller,OWNER,3 , 95 L,2600 ,Mokila,Under ConstructionConstruction Status,"3,653 / sq ft"
seller,OWNER,3 , 1.2 Cr,2000 ,Bahadurpally,Under ConstructionConstruction Status,"6,000 / sq ft"
seller,OWNER,3 , 1.2 Cr,2000 ,Bahadurpally,Under ConstructionConstruction Status,"6,000 / sq ft"
seller,OWNER,3 , 1.2 Cr,2000 ,Bahadurpally,Under ConstructionConstruction Status,"6,000 / sq ft"
seller,OWNER,3 , 1.2 Cr,2000 ,Bahadurpally,Under ConstructionConstruction Status,"6,000 / sq ft"
seller,OWNER,2 , 38 L,1000 ,Gandi Maisamma,Ready to moveConstruction Status,"3,800 / sq ft"
Dream Weavers Realty Consultants Pvt Ltd,AGENT,3 , 69.25 L,1150 ,Aushapur,Under ConstructionConstruction Status,"6,021 / sq ft"
Dream Weavers Realty Consultants Pvt Ltd,AGENT,3 , 76.12 L,1275 ,Aushapur,Under ConstructionConstruction Status,"5,970 / sq ft"
seller,OWNER,2 , 80 L,2600 ,Mokila,Under ConstructionConstruction Status,"3,076 / sq ft"
seller,OWNER,2 , 80 L,2600 ,Mokila,Under ConstructionConstruction Status,"3,076 / sq ft"
seller,OWNER,3 , 2.2 Cr,2540 ,Manikonda,Ready to moveConstruction Status,"8,661 / sq ft"
seller,OWNER,2 , 80 L,2600 ,Mokila,Under ConstructionConstruction Status,"3,076 / sq ft"
seller,OWNER,2 , 80 L,2600 ,Mokila,Under ConstructionConstruction Status,"3,076 / sq ft"
seller,OWNER,2 , 80 L,2600 ,Mokila,Under ConstructionConstruction Status,"3,076 / sq ft"
seller,OWNER,2 , 80 L,2600 ,Mokila,Under ConstructionConstruction Status,"3,076 / sq ft"
seller,OWNER,2 , 80 L,2600 ,Mokila,Under ConstructionConstruction Status,"3,076 / sq ft"
seller,OWNER,2 , 80 L,2600 ,Mokila,Under ConstructionConstruction Status,"3,076 / sq ft"
seller,OWNER,2 , 80 L,2600 ,Mokila,Under ConstructionConstruction Status,"3,076 / sq ft"
seller,OWNER,2 , 80 L,2600 ,Mokila,Under ConstructionConstruction Status,"3,076 / sq ft"
seller,OWNER,4 , 77.99 L,1800 ,Indresham,Ready to moveConstruction Status,"4,333 / sq ft"
seller,OWNER,4 , 77.99 L,1800 ,Indresham,Ready to moveConstruction Status,"4,333 / sq ft"
seller,OWNER,4 , 77.99 L,1800 ,Indresham,Ready to moveConstruction Status,"4,333 / sq ft"
seller,OWNER,4 , 77.99 L,1800 ,Indresham,Ready to moveConstruction Status,"4,333 / sq ft"
seller,OWNER,4 , 77.99 L,1800 ,Indresham,Ready to moveConstruction Status,"4,333 / sq ft"
seller,OWNER,4 , 77.99 L,1800 ,Indresham,Ready to moveConstruction Status,"4,333 / sq ft"
seller,OWNER,4 , 77.99 L,1800 ,Indresham,Ready to moveConstruction Status,"4,333 / sq ft"
seller,OWNER,4 , 77.99 L,1800 ,Indresham,Ready to moveConstruction Status,"4,333 / sq ft"
seller,OWNER,4 , 77.99 L,1800 ,Indresham,Ready to moveConstruction Status,"4,333 / sq ft"
seller,OWNER,4 , 77.99 L,1800 ,Indresham,Ready to moveConstruction Status,"4,333 / sq ft"
seller,OWNER,2 , 82.41 L,1230 ,Puppalaguda,Under ConstructionConstruction Status,"6,700 / sq ft"
seller,OWNER,9 , 2.9 Cr,5400 ,Saidabad,Ready to moveConstruction Status,"5,370 / sq ft"
seller,OWNER,6 , 1.12 Cr,2300 ,Sainikpuri,Under ConstructionConstruction Status,"4,869 / sq ft"
seller,OWNER,3 , 1.03 Cr,1450 ,Madhapur,Under ConstructionConstruction Status,"7,103 / sq ft"
seller,OWNER,3 , 1.03 Cr,1450 ,Madhapur,Under ConstructionConstruction Status,"7,103 / sq ft"
seller,OWNER,3 , 98 L,1450 ,Madhapur,Under ConstructionConstruction Status,"6,758 / sq ft"
seller,OWNER,9 , 2.9 Cr,5400 ,Saidabad,Ready to moveConstruction Status,"5,370 / sq ft"
seller,OWNER,9 , 2.9 Cr,5400 ,Saidabad,Ready to moveConstruction Status,"5,370 / sq ft"
seller,OWNER,3 , 66.27 L,1665 ,Kollur,Under ConstructionConstruction Status,"3,980 / sq ft"
seller,OWNER,3 , 66.27 L,1665 ,Kollur,Under ConstructionConstruction Status,"3,980 / sq ft"
seller,OWNER,3 , 66.27 L,1665 ,Kollur,Under ConstructionConstruction Status,"3,980 / sq ft"
seller,OWNER,3 , 66.27 L,1665 ,Kollur,Under ConstructionConstruction Status,"3,980 / sq ft"
seller,OWNER,2 , 50 L,1250 ,Kollur,Under ConstructionConstruction Status,"4,000 / sq ft"
seller,OWNER,2 , 50 L,1250 ,Kollur,Under ConstructionConstruction Status,"4,000 / sq ft"
seller,OWNER,2 , 50 L,1250 ,Kollur,Under ConstructionConstruction Status,"4,000 / sq ft"
seller,OWNER,3 , 66.27 L,1665 ,Kollur,Under ConstructionConstruction Status,"3,980 / sq ft"
seller,OWNER,2 , 82.41 L,1230 ,Puppalaguda,Under ConstructionConstruction Status,"6,700 / sq ft"
seller,OWNER,3 , 1.2 Cr,2200 ,Bahadurpally,Ready to moveConstruction Status,"5,454 / sq ft"
seller,OWNER,3 , 1.2 Cr,2200 ,Bahadurpally,Ready to moveConstruction Status,"5,454 / sq ft"
seller,OWNER,4 , 74.99 L,1820 ,Patancheru,Ready to moveConstruction Status,"4,120 / sq ft"
seller,OWNER,2 , 82.41 L,1230 ,Puppalaguda,Under ConstructionConstruction Status,"6,700 / sq ft"
seller,OWNER,Residential Plot, 5.56 L,1089 ,Shamshabad,ResaleNew/Resale,511 / sq ft
seller,OWNER,Residential Plot, 5.56 L,1089 ,Shamshabad,ResaleNew/Resale,511 / sq ft
seller,OWNER,2 , 36 L,1020 ,Miyapur,Under ConstructionConstruction Status,"3,529 / sq ft"
seller,OWNER,2 , 36 L,1020 ,Miyapur,Under ConstructionConstruction Status,"3,529 / sq ft"
seller,OWNER,2 , 36 L,1020 ,Miyapur,Under ConstructionConstruction Status,"3,529 / sq ft"
seller,OWNER,2 , 36 L,1020 ,Miyapur,Under ConstructionConstruction Status,"3,529 / sq ft"
seller,OWNER,3 , 36 L,1520 ,muthangi,Under ConstructionConstruction Status,"2,368 / sq ft"
seller,OWNER,3 , 36 L,1520 ,muthangi,Under ConstructionConstruction Status,"2,368 / sq ft"
seller,OWNER,3 , 36 L,1520 ,muthangi,Under ConstructionConstruction Status,"2,368 / sq ft"
seller,OWNER,3 , 36 L,1520 ,muthangi,Under ConstructionConstruction Status,"2,368 / sq ft"
seller,OWNER,3 , 36 L,1520 ,muthangi,Under ConstructionConstruction Status,"2,368 / sq ft"
seller,OWNER,3 , 44 L,1240 ,Chandanagar,Under ConstructionConstruction Status,"3,548 / sq ft"
seller,OWNER,3 , 44 L,1240 ,Chandanagar,Under ConstructionConstruction Status,"3,548 / sq ft"
seller,OWNER,3 , 44 L,1240 ,Chandanagar,Under ConstructionConstruction Status,"3,548 / sq ft"
seller,OWNER,3 , 44 L,1240 ,Chandanagar,Under ConstructionConstruction Status,"3,548 / sq ft"
seller,OWNER,2 , 36 L,1020 ,Miyapur,Under ConstructionConstruction Status,"3,529 / sq ft"
seller,OWNER,2 , 36 L,1020 ,Miyapur,Under ConstructionConstruction Status,"3,529 / sq ft"
seller,OWNER,2 , 26 L,1170 ,muthangi,Under ConstructionConstruction Status,"2,222 / sq ft"
seller,OWNER,3 , 47.6 L,1360 ,Miyapur,Under ConstructionConstruction Status,"3,500 / sq ft"
seller,OWNER,3 , 47.6 L,1360 ,Miyapur,Under ConstructionConstruction Status,"3,500 / sq ft"
seller,OWNER,2 , 36 L,1040 ,Miyapur,Under ConstructionConstruction Status,"3,461 / sq ft"
seller,OWNER,2 , 26 L,1170 ,muthangi,Under ConstructionConstruction Status,"2,222 / sq ft"
seller,OWNER,3 , 36 L,1560 ,muthangi,Under ConstructionConstruction Status,"2,307 / sq ft"
seller,OWNER,3 , 36 L,1560 ,muthangi,Under ConstructionConstruction Status,"2,307 / sq ft"
seller,OWNER,3 , 36 L,1560 ,muthangi,Under ConstructionConstruction Status,"2,307 / sq ft"
seller,OWNER,3 , 36 L,1560 ,muthangi,Under ConstructionConstruction Status,"2,307 / sq ft"
seller,OWNER,3 , 36 L,1520 ,muthangi,Under ConstructionConstruction Status,"2,368 / sq ft"
seller,OWNER,2 , 36 L,1020 ,Miyapur,Under ConstructionConstruction Status,"3,529 / sq ft"
seller,OWNER,2 , 36 L,1020 ,Miyapur,Under ConstructionConstruction Status,"3,529 / sq ft"
seller,OWNER,2 , 36 L,1020 ,Miyapur,Under ConstructionConstruction Status,"3,529 / sq ft"
seller,OWNER,3 , 36 L,1520 ,muthangi,Under ConstructionConstruction Status,"2,368 / sq ft"
seller,OWNER,2 , 26 L,1170 ,muthangi,Under ConstructionConstruction Status,"2,222 / sq ft"
seller,OWNER,3 , 44 L,1240 ,Chandanagar,Under ConstructionConstruction Status,"3,548 / sq ft"
seller,OWNER,2 , 36 L,1020 ,Miyapur,Under ConstructionConstruction Status,"3,529 / sq ft"
seller,OWNER,3 , 44 L,1240 ,Chandanagar,Under ConstructionConstruction Status,"3,548 / sq ft"
seller,OWNER,2 , 26 L,1170 ,muthangi,Under ConstructionConstruction Status,"2,222 / sq ft"
seller,OWNER,3 , 44 L,1240 ,Chandanagar,Under ConstructionConstruction Status,"3,548 / sq ft"
seller,OWNER,2 , 26 L,1170 ,muthangi,Under ConstructionConstruction Status,"2,222 / sq ft"
seller,OWNER,3 , 36 L,1520 ,muthangi,Under ConstructionConstruction Status,"2,368 / sq ft"
seller,OWNER,3 , 36 L,1560 ,muthangi,Under ConstructionConstruction Status,"2,307 / sq ft"
seller,OWNER,2 , 26 L,1170 ,muthangi,Under ConstructionConstruction Status,"2,222 / sq ft"
seller,OWNER,3 , 44 L,1240 ,Chandanagar,Under ConstructionConstruction Status,"3,548 / sq ft"
seller,OWNER,3 , 44 L,1240 ,Chandanagar,Under ConstructionConstruction Status,"3,548 / sq ft"
seller,OWNER,3 , 44 L,1240 ,Chandanagar,Under ConstructionConstruction Status,"3,548 / sq ft"
seller,OWNER,3 , 36 L,1560 ,muthangi,Under ConstructionConstruction Status,"2,307 / sq ft"
seller,OWNER,3 , 44 L,1240 ,Chandanagar,Under ConstructionConstruction Status,"3,548 / sq ft"
seller,OWNER,3 , 44 L,1240 ,Chandanagar,Under ConstructionConstruction Status,"3,548 / sq ft"
seller,OWNER,2 , 36 L,1020 ,Miyapur,Under ConstructionConstruction Status,"3,529 / sq ft"
seller,OWNER,3 , 36 L,1520 ,muthangi,Under ConstructionConstruction Status,"2,368 / sq ft"
seller,OWNER,2 , 36 L,1020 ,Miyapur,Under ConstructionConstruction Status,"3,529 / sq ft"
seller,OWNER,3 , 44 L,1240 ,Chandanagar,Under ConstructionConstruction Status,"3,548 / sq ft"
seller,OWNER,3 , 36 L,1520 ,muthangi,Under ConstructionConstruction Status,"2,368 / sq ft"
seller,OWNER,2 , 36 L,1040 ,Miyapur,Under ConstructionConstruction Status,"3,461 / sq ft"
seller,OWNER,3 , 36 L,1560 ,muthangi,Under ConstructionConstruction Status,"2,307 / sq ft"
seller,OWNER,3 , 36 L,1560 ,muthangi,Under ConstructionConstruction Status,"2,307 / sq ft"
seller,OWNER,2 , 36 L,1040 ,Miyapur,Under ConstructionConstruction Status,"3,461 / sq ft"
seller,OWNER,3 , 36 L,1560 ,muthangi,Under ConstructionConstruction Status,"2,307 / sq ft"
seller,OWNER,2 , 36 L,1040 ,Miyapur,Under ConstructionConstruction Status,"3,461 / sq ft"
seller,OWNER,2 , 36 L,1040 ,Miyapur,Under ConstructionConstruction Status,"3,461 / sq ft"
seller,OWNER,2 , 36 L,1040 ,Miyapur,Under ConstructionConstruction Status,"3,461 / sq ft"
seller,OWNER,3 , 36 L,1560 ,muthangi,Under ConstructionConstruction Status,"2,307 / sq ft"
seller,OWNER,2 , 36 L,1040 ,Miyapur,Under ConstructionConstruction Status,"3,461 / sq ft"
seller,OWNER,2 , 36 L,1150 ,Miyapur,Under ConstructionConstruction Status,"3,130 / sq ft"
seller,OWNER,2 , 26 L,1150 ,muthangi,Under ConstructionConstruction Status,"2,260 / sq ft"
seller,OWNER,2 , 36 L,1150 ,Miyapur,Under ConstructionConstruction Status,"3,130 / sq ft"
seller,OWNER,2 , 36 L,1150 ,Miyapur,Under ConstructionConstruction Status,"3,130 / sq ft"
seller,OWNER,2 , 35 L,1560 ,muthangi,Under ConstructionConstruction Status,"2,243 / sq ft"
seller,OWNER,2 , 26 L,1150 ,muthangi,Under ConstructionConstruction Status,"2,260 / sq ft"
seller,OWNER,2 , 38 L,1040 ,Chandanagar Vill,Under ConstructionConstruction Status,"3,653 / sq ft"
seller,OWNER,2 , 38 L,1040 ,Chandanagar Vill,Under ConstructionConstruction Status,"3,653 / sq ft"
seller,OWNER,2 , 26 L,1150 ,muthangi,Under ConstructionConstruction Status,"2,260 / sq ft"
seller,OWNER,2 , 38 L,1040 ,Chandanagar Vill,Under ConstructionConstruction Status,"3,653 / sq ft"
seller,OWNER,2 , 38 L,1040 ,Chandanagar Vill,Under ConstructionConstruction Status,"3,653 / sq ft"
seller,OWNER,2 , 26 L,1150 ,muthangi,Under ConstructionConstruction Status,"2,260 / sq ft"
seller,OWNER,2 , 26 L,1150 ,muthangi,Under ConstructionConstruction Status,"2,260 / sq ft"
seller,OWNER,2 , 26 L,1150 ,muthangi,Under ConstructionConstruction Status,"2,260 / sq ft"
seller,OWNER,2 , 38 L,1040 ,Chandanagar Vill,Under ConstructionConstruction Status,"3,653 / sq ft"
seller,OWNER,2 , 35 L,1560 ,muthangi,Under ConstructionConstruction Status,"2,243 / sq ft"
seller,OWNER,2 , 35 L,1560 ,muthangi,Under ConstructionConstruction Status,"2,243 / sq ft"
seller,OWNER,2 , 35 L,1560 ,muthangi,Under ConstructionConstruction Status,"2,243 / sq ft"
seller,OWNER,2 , 35 L,1560 ,muthangi,Under ConstructionConstruction Status,"2,243 / sq ft"
seller,OWNER,2 , 26 L,1170 ,muthangi,Under ConstructionConstruction Status,"2,222 / sq ft"
seller,OWNER,2 , 26 L,1150 ,muthangi,Under ConstructionConstruction Status,"2,260 / sq ft"
seller,OWNER,2 , 26 L,1150 ,muthangi,Under ConstructionConstruction Status,"2,260 / sq ft"
seller,OWNER,2 , 26 L,1150 ,muthangi,Under ConstructionConstruction Status,"2,260 / sq ft"
seller,OWNER,2 , 26 L,1150 ,muthangi,Under ConstructionConstruction Status,"2,260 / sq ft"
seller,OWNER,2 , 26 L,1150 ,muthangi,Under ConstructionConstruction Status,"2,260 / sq ft"
seller,OWNER,2 , 36 L,1150 ,Miyapur,Under ConstructionConstruction Status,"3,130 / sq ft"
seller,OWNER,3 , 44 L,1240 ,Chandanagar,Under ConstructionConstruction Status,"3,548 / sq ft"
seller,OWNER,2 , 34 L,1040 ,Miyapur,Under ConstructionConstruction Status,"3,269 / sq ft"
seller,OWNER,3 , 44 L,1240 ,Chandanagar,Under ConstructionConstruction Status,"3,548 / sq ft"
seller,OWNER,2 , 38 L,1040 ,Chandanagar Vill,Under ConstructionConstruction Status,"3,653 / sq ft"
seller,OWNER,2 , 36 L,1150 ,Miyapur,Under ConstructionConstruction Status,"3,130 / sq ft"
seller,OWNER,3 , 44 L,1240 ,Chandanagar,Under ConstructionConstruction Status,"3,548 / sq ft"
seller,OWNER,3 , 44 L,1240 ,Chandanagar,Under ConstructionConstruction Status,"3,548 / sq ft"
seller,OWNER,3 , 44 L,1240 ,Chandanagar,Under ConstructionConstruction Status,"3,548 / sq ft"
seller,OWNER,2 , 34 L,1040 ,Miyapur,Under ConstructionConstruction Status,"3,269 / sq ft"
seller,OWNER,2 , 26 L,1150 ,muthangi,Under ConstructionConstruction Status,"2,260 / sq ft"
seller,OWNER,2 , 38 L,1040 ,Chandanagar Vill,Under ConstructionConstruction Status,"3,653 / sq ft"
seller,OWNER,3 , 44 L,1240 ,Chandanagar,Under ConstructionConstruction Status,"3,548 / sq ft"
seller,OWNER,2 , 36 L,1150 ,Miyapur,Under ConstructionConstruction Status,"3,130 / sq ft"
seller,OWNER,2 , 26 L,1150 ,muthangi,Under ConstructionConstruction Status,"2,260 / sq ft"
seller,OWNER,3 , 44 L,1240 ,Chandanagar,Under ConstructionConstruction Status,"3,548 / sq ft"
seller,OWNER,2 , 34 L,1040 ,Miyapur,Under ConstructionConstruction Status,"3,269 / sq ft"
seller,OWNER,3 , 44 L,1240 ,Chandanagar,Under ConstructionConstruction Status,"3,548 / sq ft"
seller,OWNER,2 , 38 L,1040 ,Chandanagar Vill,Under ConstructionConstruction Status,"3,653 / sq ft"
seller,OWNER,2 , 36 L,1150 ,Miyapur,Under ConstructionConstruction Status,"3,130 / sq ft"
seller,OWNER,3 , 44 L,1240 ,Chandanagar,Under ConstructionConstruction Status,"3,548 / sq ft"
seller,OWNER,3 , 44 L,1240 ,Chandanagar,Under ConstructionConstruction Status,"3,548 / sq ft"
seller,OWNER,3 , 44 L,1240 ,Chandanagar,Under ConstructionConstruction Status,"3,548 / sq ft"
seller,OWNER,2 , 34 L,1040 ,Miyapur,Under ConstructionConstruction Status,"3,269 / sq ft"
seller,OWNER,2 , 26 L,1150 ,muthangi,Under ConstructionConstruction Status,"2,260 / sq ft"
seller,OWNER,2 , 38 L,1040 ,Chandanagar Vill,Under ConstructionConstruction Status,"3,653 / sq ft"
seller,OWNER,3 , 44 L,1240 ,Chandanagar,Under ConstructionConstruction Status,"3,548 / sq ft"
seller,OWNER,2 , 36 L,1150 ,Miyapur,Under ConstructionConstruction Status,"3,130 / sq ft"
seller,OWNER,2 , 26 L,1150 ,muthangi,Under ConstructionConstruction Status,"2,260 / sq ft"
seller,OWNER,2 , 35.7 L,1020 ,Miyapur,Under ConstructionConstruction Status,"3,500 / sq ft"
seller,OWNER,3 , 54.6 L,1560 ,Miyapur,Under ConstructionConstruction Status,"3,500 / sq ft"
seller,OWNER,2 , 44 L,1050 ,Miyapur,Under ConstructionConstruction Status,"4,190 / sq ft"
seller,OWNER,2 , 35 L,1560 ,muthangi,Under ConstructionConstruction Status,"2,243 / sq ft"
seller,OWNER,2 , 35 L,1560 ,muthangi,Under ConstructionConstruction Status,"2,243 / sq ft"
seller,OWNER,2 , 35 L,1560 ,muthangi,Under ConstructionConstruction Status,"2,243 / sq ft"
seller,OWNER,2 , 38 L,1040 ,Chandanagar Vill,Under ConstructionConstruction Status,"3,653 / sq ft"
seller,OWNER,2 , 26 L,1150 ,muthangi,Under ConstructionConstruction Status,"2,260 / sq ft"
seller,OWNER,2 , 26 L,1150 ,muthangi,Under ConstructionConstruction Status,"2,260 / sq ft"
seller,OWNER,2 , 26 L,1150 ,muthangi,Under ConstructionConstruction Status,"2,260 / sq ft"
seller,OWNER,2 , 38 L,1040 ,Chandanagar Vill,Under ConstructionConstruction Status,"3,653 / sq ft"
seller,OWNER,3 , 44 L,1240 ,Chandanagar,Under ConstructionConstruction Status,"3,548 / sq ft"
seller,OWNER,3 , 44 L,1240 ,Chandanagar,Under ConstructionConstruction Status,"3,548 / sq ft"
seller,OWNER,3 , 44 L,1240 ,Chandanagar,Under ConstructionConstruction Status,"3,548 / sq ft"
seller,OWNER,3 , 44 L,1240 ,Chandanagar,Under ConstructionConstruction Status,"3,548 / sq ft"
seller,OWNER,3 , 44 L,1240 ,Chandanagar,Under ConstructionConstruction Status,"3,548 / sq ft"
seller,OWNER,2 , 38 L,1040 ,Chandanagar Vill,Under ConstructionConstruction Status,"3,653 / sq ft"
seller,OWNER,2 , 38 L,1040 ,Chandanagar Vill,Under ConstructionConstruction Status,"3,653 / sq ft"
seller,OWNER,2 , 38 L,1040 ,Chandanagar Vill,Under ConstructionConstruction Status,"3,653 / sq ft"
seller,OWNER,2 , 38 L,1040 ,Chandanagar Vill,Under ConstructionConstruction Status,"3,653 / sq ft"
seller,OWNER,2 , 38 L,1040 ,Chandanagar Vill,Under ConstructionConstruction Status,"3,653 / sq ft"
seller,OWNER,2 , 38 L,1040 ,Chandanagar Vill,Under ConstructionConstruction Status,"3,653 / sq ft"
seller,OWNER,2 , 26 L,1150 ,muthangi,Under ConstructionConstruction Status,"2,260 / sq ft"
seller,OWNER,2 , 26 L,1150 ,muthangi,Under ConstructionConstruction Status,"2,260 / sq ft"
seller,OWNER,2 , 26 L,1150 ,muthangi,Under ConstructionConstruction Status,"2,260 / sq ft"
seller,OWNER,2 , 26 L,1150 ,muthangi,Under ConstructionConstruction Status,"2,260 / sq ft"
seller,OWNER,2 , 36 L,1020 ,Miyapur,Under ConstructionConstruction Status,"3,529 / sq ft"
seller,OWNER,3 , 44 L,1240 ,Chandanagar,Under ConstructionConstruction Status,"3,548 / sq ft"
seller,OWNER,3 , 36 L,1520 ,muthangi,Under ConstructionConstruction Status,"2,368 / sq ft"
seller,OWNER,2 , 36 L,1040 ,Miyapur,Under ConstructionConstruction Status,"3,461 / sq ft"
seller,OWNER,3 , 44 L,1260 ,Chandanagar,Under ConstructionConstruction Status,"3,492 / sq ft"
seller,OWNER,2 , 70 L,1300 ,Manikonda,Ready to moveConstruction Status,"5,384 / sq ft"
seller,OWNER,2 , 70 L,1300 ,Manikonda,Ready to moveConstruction Status,"5,384 / sq ft"
seller,OWNER,2 , 70 L,1300 ,Manikonda,Ready to moveConstruction Status,"5,384 / sq ft"
seller,OWNER,3 , 59 L,1705 ,Nizampet,Ready to moveConstruction Status,"3,460 / sq ft"
seller,OWNER,3 , 59 L,1705 ,Nizampet,Ready to moveConstruction Status,"3,460 / sq ft"
seller,OWNER,3 , 44 L,1260 ,Chandanagar,Under ConstructionConstruction Status,"3,492 / sq ft"
seller,OWNER,2 , 36 L,1020 ,Chandanagar,Under ConstructionConstruction Status,"3,529 / sq ft"
seller,OWNER,2 , 36 L,1020 ,Chandanagar,Under ConstructionConstruction Status,"3,529 / sq ft"
seller,OWNER,2 , 36 L,1020 ,Chandanagar,Under ConstructionConstruction Status,"3,529 / sq ft"
seller,OWNER,2 , 36 L,1020 ,Chandanagar,Under ConstructionConstruction Status,"3,529 / sq ft"
seller,OWNER,2 , 36 L,1020 ,Chandanagar,Under ConstructionConstruction Status,"3,529 / sq ft"
seller,OWNER,3 , 43.4 L,1240 ,Miyapur,Under ConstructionConstruction Status,"3,500 / sq ft"
seller,OWNER,3 , 43.4 L,1240 ,Miyapur,Under ConstructionConstruction Status,"3,500 / sq ft"
seller,OWNER,3 , 43.4 L,1240 ,Miyapur,Under ConstructionConstruction Status,"3,500 / sq ft"
seller,OWNER,3 , 43.4 L,1240 ,Miyapur,Under ConstructionConstruction Status,"3,500 / sq ft"
seller,OWNER,3 , 43.4 L,1240 ,Miyapur,Under ConstructionConstruction Status,"3,500 / sq ft"
seller,OWNER,3 , 44 L,1260 ,Chandanagar,Under ConstructionConstruction Status,"3,492 / sq ft"
seller,OWNER,3 , 44 L,1260 ,Chandanagar,Under ConstructionConstruction Status,"3,492 / sq ft"
seller,OWNER,2 , 36 L,1020 ,Chandanagar,Under ConstructionConstruction Status,"3,529 / sq ft"
seller,OWNER,2 , 34 L,1040 ,Chandanagar,Under ConstructionConstruction Status,"3,269 / sq ft"
seller,OWNER,3 , 44 L,1260 ,Chandanagar,Under ConstructionConstruction Status,"3,492 / sq ft"
seller,OWNER,3 , 44 L,1260 ,Chandanagar,Under ConstructionConstruction Status,"3,492 / sq ft"
seller,OWNER,3 , 44 L,1260 ,Chandanagar,Under ConstructionConstruction Status,"3,492 / sq ft"
seller,OWNER,3 , 43.4 L,1240 ,Miyapur,Under ConstructionConstruction Status,"3,500 / sq ft"
seller,OWNER,3 , 44 L,1260 ,Chandanagar,Under ConstructionConstruction Status,"3,492 / sq ft"
seller,OWNER,2 , 36 L,1020 ,Chandanagar,Under ConstructionConstruction Status,"3,529 / sq ft"
seller,OWNER,2 , 36 L,1020 ,Chandanagar,Under ConstructionConstruction Status,"3,529 / sq ft"
seller,OWNER,3 , 43.4 L,1240 ,Miyapur,Under ConstructionConstruction Status,"3,500 / sq ft"
seller,OWNER,3 , 43.4 L,1240 ,Miyapur,Under ConstructionConstruction Status,"3,500 / sq ft"
seller,OWNER,2 , 36 L,1020 ,Chandanagar,Under ConstructionConstruction Status,"3,529 / sq ft"
seller,OWNER,3 , 43.4 L,1240 ,Miyapur,Under ConstructionConstruction Status,"3,500 / sq ft"
seller,OWNER,3 , 43.4 L,1240 ,Miyapur,Under ConstructionConstruction Status,"3,500 / sq ft"
seller,OWNER,2 , 36 L,1020 ,Chandanagar,Under ConstructionConstruction Status,"3,529 / sq ft"
seller,OWNER,3 , 44 L,1260 ,Chandanagar,Under ConstructionConstruction Status,"3,492 / sq ft"
seller,OWNER,3 , 44 L,1260 ,Chandanagar,Under ConstructionConstruction Status,"3,492 / sq ft"
seller,OWNER,3 , 44 L,1260 ,Chandanagar,Under ConstructionConstruction Status,"3,492 / sq ft"
seller,OWNER,3 , 44 L,1260 ,Chandanagar,Under ConstructionConstruction Status,"3,492 / sq ft"
seller,OWNER,2 , 38 L,1040 ,Chandanagar,Under ConstructionConstruction Status,"3,653 / sq ft"
seller,OWNER,2 , 34 L,1040 ,Chandanagar,Under ConstructionConstruction Status,"3,269 / sq ft"
seller,OWNER,2 , 38 L,1040 ,Chandanagar,Under ConstructionConstruction Status,"3,653 / sq ft"
seller,OWNER,2 , 38 L,1060 ,Miyapur,Under ConstructionConstruction Status,"3,584 / sq ft"
seller,OWNER,2 , 38 L,1040 ,Miyapur,Under ConstructionConstruction Status,"3,653 / sq ft"
seller,OWNER,2 , 38 L,1060 ,Miyapur,Under ConstructionConstruction Status,"3,584 / sq ft"
seller,OWNER,2 , 38 L,1060 ,Miyapur,Under ConstructionConstruction Status,"3,584 / sq ft"
seller,OWNER,3 , 37 L,1040 ,Chandanagar,Under ConstructionConstruction Status,"3,557 / sq ft"
seller,OWNER,2 , 38 L,1040 ,Miyapur,Under ConstructionConstruction Status,"3,653 / sq ft"
seller,OWNER,2 , 38 L,1040 ,Miyapur,Under ConstructionConstruction Status,"3,653 / sq ft"
seller,OWNER,2 , 38 L,1060 ,Miyapur,Under ConstructionConstruction Status,"3,584 / sq ft"
seller,OWNER,2 , 38 L,1040 ,Miyapur,Under ConstructionConstruction Status,"3,653 / sq ft"
seller,OWNER,2 , 38 L,1040 ,Miyapur,Under ConstructionConstruction Status,"3,653 / sq ft"
seller,OWNER,2 , 38 L,1060 ,Miyapur,Under ConstructionConstruction Status,"3,584 / sq ft"
seller,OWNER,2 , 38 L,1040 ,Miyapur,Under ConstructionConstruction Status,"3,653 / sq ft"
seller,OWNER,2 , 38 L,1060 ,Miyapur,Under ConstructionConstruction Status,"3,584 / sq ft"
seller,OWNER,2 , 38 L,1040 ,Miyapur,Under ConstructionConstruction Status,"3,653 / sq ft"
seller,OWNER,2 , 38 L,1040 ,Miyapur,Under ConstructionConstruction Status,"3,653 / sq ft"
seller,OWNER,2 , 36 L,1020 ,Miyapur,Under ConstructionConstruction Status,"3,529 / sq ft"
seller,OWNER,3 , 44 L,1240 ,Chandanagar,Under ConstructionConstruction Status,"3,548 / sq ft"
seller,OWNER,2 , 36 L,1020 ,Miyapur,Under ConstructionConstruction Status,"3,529 / sq ft"
seller,OWNER,3 , 37 L,1040 ,Chandanagar,Under ConstructionConstruction Status,"3,557 / sq ft"
seller,OWNER,2 , 36 L,1020 ,Miyapur,Under ConstructionConstruction Status,"3,529 / sq ft"
seller,OWNER,2 , 36 L,1020 ,Miyapur,Under ConstructionConstruction Status,"3,529 / sq ft"
seller,OWNER,2 , 36 L,1020 ,Miyapur,Under ConstructionConstruction Status,"3,529 / sq ft"
seller,OWNER,3 , 37 L,1040 ,Chandanagar,Under ConstructionConstruction Status,"3,557 / sq ft"
seller,OWNER,2 , 38 L,1060 ,Miyapur,Under ConstructionConstruction Status,"3,584 / sq ft"
seller,OWNER,3 , 37 L,1040 ,Chandanagar,Under ConstructionConstruction Status,"3,557 / sq ft"
seller,OWNER,3 , 37 L,1040 ,Chandanagar,Under ConstructionConstruction Status,"3,557 / sq ft"
seller,OWNER,3 , 37 L,1040 ,Chandanagar,Under ConstructionConstruction Status,"3,557 / sq ft"
seller,OWNER,2 , 36 L,1020 ,Miyapur,Under ConstructionConstruction Status,"3,529 / sq ft"
seller,OWNER,3 , 37 L,1040 ,Chandanagar,Under ConstructionConstruction Status,"3,557 / sq ft"
seller,OWNER,2 , 38 L,1060 ,Miyapur,Under ConstructionConstruction Status,"3,584 / sq ft"
seller,OWNER,2 , 36 L,1020 ,Miyapur,Under ConstructionConstruction Status,"3,529 / sq ft"
seller,OWNER,2 , 38 L,1060 ,Miyapur,Under ConstructionConstruction Status,"3,584 / sq ft"
seller,OWNER,2 , 38 L,1060 ,Miyapur,Under ConstructionConstruction Status,"3,584 / sq ft"
seller,OWNER,2 , 38 L,1040 ,Miyapur,Under ConstructionConstruction Status,"3,653 / sq ft"
seller,OWNER,2 , 38 L,1040 ,Miyapur,Under ConstructionConstruction Status,"3,653 / sq ft"
seller,OWNER,2 , 38 L,1040 ,Miyapur,Under ConstructionConstruction Status,"3,653 / sq ft"
seller,OWNER,2 , 38 L,1040 ,Miyapur,Under ConstructionConstruction Status,"3,653 / sq ft"
seller,OWNER,2 , 38 L,1040 ,Miyapur,Under ConstructionConstruction Status,"3,653 / sq ft"
seller,OWNER,3 , 37 L,1040 ,Chandanagar,Under ConstructionConstruction Status,"3,557 / sq ft"
seller,OWNER,2 , 38 L,1040 ,Miyapur,Under ConstructionConstruction Status,"3,653 / sq ft"
seller,OWNER,3 , 37 L,1040 ,Chandanagar,Under ConstructionConstruction Status,"3,557 / sq ft"
seller,OWNER,3 , 37 L,1040 ,Chandanagar,Under ConstructionConstruction Status,"3,557 / sq ft"
seller,OWNER,3 , 37 L,1040 ,Chandanagar,Under ConstructionConstruction Status,"3,557 / sq ft"
seller,OWNER,3 , 44 L,1240 ,Chandanagar,Under ConstructionConstruction Status,"3,548 / sq ft"
seller,OWNER,3 , 44 L,1240 ,Chandanagar,Under ConstructionConstruction Status,"3,548 / sq ft"
seller,OWNER,3 , 44 L,1240 ,Chandanagar,Under ConstructionConstruction Status,"3,548 / sq ft"
seller,OWNER,3 , 37 L,1040 ,Chandanagar,Under ConstructionConstruction Status,"3,557 / sq ft"
seller,OWNER,3 , 44 L,1240 ,Chandanagar,Under ConstructionConstruction Status,"3,548 / sq ft"
seller,OWNER,3 , 44 L,1240 ,Chandanagar,Under ConstructionConstruction Status,"3,548 / sq ft"
seller,OWNER,2 , 36 L,1020 ,Miyapur,Under ConstructionConstruction Status,"3,529 / sq ft"
seller,OWNER,2 , 36 L,1020 ,Miyapur,Under ConstructionConstruction Status,"3,529 / sq ft"
seller,OWNER,2 , 36 L,1020 ,Miyapur,Under ConstructionConstruction Status,"3,529 / sq ft"
seller,OWNER,2 , 36 L,1020 ,Miyapur,Under ConstructionConstruction Status,"3,529 / sq ft"
seller,OWNER,2 , 36 L,1020 ,Miyapur,Under ConstructionConstruction Status,"3,529 / sq ft"
seller,OWNER,3 , 44 L,1240 ,Chandanagar,Under ConstructionConstruction Status,"3,548 / sq ft"
seller,OWNER,2 , 70 L,1300 ,Manikonda,Ready to moveConstruction Status,"5,384 / sq ft"
seller,OWNER,2 , 70 L,1300 ,Manikonda,Ready to moveConstruction Status,"5,384 / sq ft"
seller,OWNER,2 , 70 L,1300 ,Manikonda,Ready to moveConstruction Status,"5,384 / sq ft"
seller,OWNER,Residential Plot, 11.26 L,1314 ,Shadnagar,ResaleNew/Resale,856 / sq ft
seller,OWNER,Residential Plot, 11.26 L,1314 ,Shadnagar,ResaleNew/Resale,856 / sq ft
seller,OWNER,Residential Plot, 11.26 L,1314 ,Shadnagar,ResaleNew/Resale,856 / sq ft
seller,OWNER,Residential Plot, 11.26 L,1314 ,Shadnagar,ResaleNew/Resale,856 / sq ft
seller,OWNER,Residential Plot, 11.26 L,1314 ,Shadnagar,ResaleNew/Resale,856 / sq ft
seller,OWNER,Residential Plot, 11.26 L,1314 ,Shadnagar,ResaleNew/Resale,856 / sq ft
seller,OWNER,Residential Plot, 11.26 L,1314 ,Shadnagar,ResaleNew/Resale,856 / sq ft
seller,OWNER,2 , 36 L,1570 ,muthangi,Under ConstructionConstruction Status,"2,292 / sq ft"
seller,OWNER,3 , 36 L,1570 ,muthangi,Under ConstructionConstruction Status,"2,292 / sq ft"
seller,OWNER,2 , 26 L,1530 ,muthangi,Under ConstructionConstruction Status,"1,699 / sq ft"
seller,OWNER,2 , 26 L,1530 ,muthangi,Under ConstructionConstruction Status,"1,699 / sq ft"
seller,OWNER,2 , 26 L,1530 ,muthangi,Under ConstructionConstruction Status,"1,699 / sq ft"
seller,OWNER,2 , 26 L,1170 ,muthangi,Under ConstructionConstruction Status,"2,222 / sq ft"
seller,OWNER,2 , 26 L,1530 ,muthangi,Under ConstructionConstruction Status,"1,699 / sq ft"
seller,OWNER,2 , 36 L,1570 ,muthangi,Under ConstructionConstruction Status,"2,292 / sq ft"
seller,OWNER,2 , 36 L,1570 ,muthangi,Under ConstructionConstruction Status,"2,292 / sq ft"
seller,OWNER,2 , 36 L,1570 ,muthangi,Under ConstructionConstruction Status,"2,292 / sq ft"
seller,OWNER,3 , 36 L,1570 ,muthangi,Under ConstructionConstruction Status,"2,292 / sq ft"
seller,OWNER,3 , 36 L,1570 ,muthangi,Under ConstructionConstruction Status,"2,292 / sq ft"
seller,OWNER,3 , 36 L,1570 ,muthangi,Under ConstructionConstruction Status,"2,292 / sq ft"
seller,OWNER,3 , 36 L,1570 ,muthangi,Under ConstructionConstruction Status,"2,292 / sq ft"
seller,OWNER,3 , 36 L,1570 ,muthangi,Under ConstructionConstruction Status,"2,292 / sq ft"
seller,OWNER,3 , 36 L,1570 ,muthangi,Under ConstructionConstruction Status,"2,292 / sq ft"
seller,OWNER,2 , 26 L,1170 ,muthangi,Under ConstructionConstruction Status,"2,222 / sq ft"
seller,OWNER,2 , 26 L,1170 ,muthangi,Under ConstructionConstruction Status,"2,222 / sq ft"
seller,OWNER,2 , 26 L,1170 ,muthangi,Under ConstructionConstruction Status,"2,222 / sq ft"
seller,OWNER,2 , 26 L,1170 ,muthangi,Under ConstructionConstruction Status,"2,222 / sq ft"
seller,OWNER,2 , 36 L,1570 ,muthangi,Under ConstructionConstruction Status,"2,292 / sq ft"
seller,OWNER,3 , 36 L,1570 ,muthangi,Under ConstructionConstruction Status,"2,292 / sq ft"
seller,OWNER,2 , 26 L,1530 ,muthangi,Under ConstructionConstruction Status,"1,699 / sq ft"
seller,OWNER,2 , 26 L,1530 ,muthangi,Under ConstructionConstruction Status,"1,699 / sq ft"
seller,OWNER,2 , 26 L,1530 ,muthangi,Under ConstructionConstruction Status,"1,699 / sq ft"
seller,OWNER,2 , 26 L,1170 ,muthangi,Under ConstructionConstruction Status,"2,222 / sq ft"
seller,OWNER,2 , 26 L,1530 ,muthangi,Under ConstructionConstruction Status,"1,699 / sq ft"
seller,OWNER,2 , 36 L,1570 ,muthangi,Under ConstructionConstruction Status,"2,292 / sq ft"
seller,OWNER,2 , 36 L,1570 ,muthangi,Under ConstructionConstruction Status,"2,292 / sq ft"
seller,OWNER,2 , 36 L,1570 ,muthangi,Under ConstructionConstruction Status,"2,292 / sq ft"
seller,OWNER,2 , 36 L,1570 ,muthangi,Under ConstructionConstruction Status,"2,292 / sq ft"
seller,OWNER,2 , 36 L,1570 ,muthangi,Under ConstructionConstruction Status,"2,292 / sq ft"
seller,OWNER,3 , 36 L,1560 ,muthangi,Under ConstructionConstruction Status,"2,307 / sq ft"
seller,OWNER,3 , 36 L,1570 ,muthangi,Under ConstructionConstruction Status,"2,292 / sq ft"
seller,OWNER,2 , 26 L,1160 ,muthangi,Under ConstructionConstruction Status,"2,241 / sq ft"
seller,OWNER,2 , 36 L,1570 ,muthangi,Under ConstructionConstruction Status,"2,292 / sq ft"
seller,OWNER,2 , 26 L,1160 ,muthangi,Under ConstructionConstruction Status,"2,241 / sq ft"
seller,OWNER,3 , 36 L,1570 ,muthangi,Under ConstructionConstruction Status,"2,292 / sq ft"
seller,OWNER,2 , 26 L,1170 ,muthangi,Under ConstructionConstruction Status,"2,222 / sq ft"
seller,OWNER,2 , 36 L,1570 ,muthangi,Under ConstructionConstruction Status,"2,292 / sq ft"
seller,OWNER,2 , 26 L,1160 ,muthangi,Under ConstructionConstruction Status,"2,241 / sq ft"
seller,OWNER,2 , 26 L,1160 ,muthangi,Under ConstructionConstruction Status,"2,241 / sq ft"
seller,OWNER,2 , 26 L,1170 ,muthangi,Under ConstructionConstruction Status,"2,222 / sq ft"
seller,OWNER,3 , 36 L,1570 ,muthangi,Under ConstructionConstruction Status,"2,292 / sq ft"
seller,OWNER,2 , 26 L,1160 ,muthangi,Under ConstructionConstruction Status,"2,241 / sq ft"
seller,OWNER,2 , 26 L,1170 ,muthangi,Under ConstructionConstruction Status,"2,222 / sq ft"
seller,OWNER,2 , 26 L,1160 ,muthangi,Under ConstructionConstruction Status,"2,241 / sq ft"
seller,OWNER,2 , 26 L,1160 ,muthangi,Under ConstructionConstruction Status,"2,241 / sq ft"
seller,OWNER,2 , 26 L,1160 ,muthangi,Under ConstructionConstruction Status,"2,241 / sq ft"
seller,OWNER,2 , 26 L,1160 ,muthangi,Under ConstructionConstruction Status,"2,241 / sq ft"
seller,OWNER,2 , 26 L,1160 ,muthangi,Under ConstructionConstruction Status,"2,241 / sq ft"
seller,OWNER,2 , 26 L,1160 ,muthangi,Under ConstructionConstruction Status,"2,241 / sq ft"
seller,OWNER,2 , 26 L,1500 ,muthangi,Under ConstructionConstruction Status,"1,733 / sq ft"
seller,OWNER,2 , 26 L,1500 ,muthangi,Under ConstructionConstruction Status,"1,733 / sq ft"
seller,OWNER,2 , 26 L,1500 ,muthangi,Under ConstructionConstruction Status,"1,733 / sq ft"
seller,OWNER,2 , 26 L,1500 ,muthangi,Under ConstructionConstruction Status,"1,733 / sq ft"
seller,OWNER,2 , 26 L,1500 ,muthangi,Under ConstructionConstruction Status,"1,733 / sq ft"
seller,OWNER,2 , 26 L,1500 ,muthangi,Under ConstructionConstruction Status,"1,733 / sq ft"
seller,OWNER,2 , 26 L,1530 ,muthangi,Under ConstructionConstruction Status,"1,699 / sq ft"
seller,OWNER,2 , 35.7 L,1020 ,Miyapur,Under ConstructionConstruction Status,"3,500 / sq ft"
seller,OWNER,2 , 35.7 L,1020 ,Miyapur,Under ConstructionConstruction Status,"3,500 / sq ft"
seller,OWNER,2 , 26 L,1530 ,muthangi,Under ConstructionConstruction Status,"1,699 / sq ft"
seller,OWNER,2 , 35.7 L,1020 ,Miyapur,Under ConstructionConstruction Status,"3,500 / sq ft"
seller,OWNER,3 , 36 L,1560 ,muthangi,Under ConstructionConstruction Status,"2,307 / sq ft"
seller,OWNER,2 , 26 L,1160 ,muthangi,Under ConstructionConstruction Status,"2,241 / sq ft"
seller,OWNER,2 , 26 L,1170 ,muthangi,Under ConstructionConstruction Status,"2,222 / sq ft"
seller,OWNER,2 , 26 L,1530 ,muthangi,Under ConstructionConstruction Status,"1,699 / sq ft"
seller,OWNER,2 , 36 L,1570 ,muthangi,Under ConstructionConstruction Status,"2,292 / sq ft"
seller,OWNER,2 , 26 L,1530 ,muthangi,Under ConstructionConstruction Status,"1,699 / sq ft"
seller,OWNER,3 , 36 L,1570 ,muthangi,Under ConstructionConstruction Status,"2,292 / sq ft"
seller,OWNER,2 , 26 L,1160 ,muthangi,Under ConstructionConstruction Status,"2,241 / sq ft"
seller,OWNER,2 , 26 L,1500 ,muthangi,Under ConstructionConstruction Status,"1,733 / sq ft"
seller,OWNER,2 , 26 L,1500 ,muthangi,Under ConstructionConstruction Status,"1,733 / sq ft"
seller,OWNER,3 , 36 L,1560 ,muthangi,Under ConstructionConstruction Status,"2,307 / sq ft"
seller,OWNER,3 , 36 L,1560 ,muthangi,Under ConstructionConstruction Status,"2,307 / sq ft"
seller,OWNER,2 , 26 L,1500 ,muthangi,Under ConstructionConstruction Status,"1,733 / sq ft"
seller,OWNER,2 , 26 L,1160 ,muthangi,Under ConstructionConstruction Status,"2,241 / sq ft"
seller,OWNER,2 , 26 L,1500 ,muthangi,Under ConstructionConstruction Status,"1,733 / sq ft"
seller,OWNER,2 , 26 L,1500 ,muthangi,Under ConstructionConstruction Status,"1,733 / sq ft"
seller,OWNER,3 , 36 L,1560 ,muthangi,Under ConstructionConstruction Status,"2,307 / sq ft"
seller,OWNER,2 , 26 L,1160 ,muthangi,Under ConstructionConstruction Status,"2,241 / sq ft"
seller,OWNER,3 , 43.4 L,1240 ,Miyapur,Under ConstructionConstruction Status,"3,500 / sq ft"
seller,OWNER,3 , 43.4 L,1240 ,Miyapur,Under ConstructionConstruction Status,"3,500 / sq ft"
seller,OWNER,3 , 43.4 L,1240 ,Miyapur,Under ConstructionConstruction Status,"3,500 / sq ft"
seller,OWNER,3 , 43.4 L,1240 ,Miyapur,Under ConstructionConstruction Status,"3,500 / sq ft"
seller,OWNER,3 , 43.4 L,1240 ,Miyapur,Under ConstructionConstruction Status,"3,500 / sq ft"
seller,OWNER,2 , 26 L,1530 ,muthangi,Under ConstructionConstruction Status,"1,699 / sq ft"
seller,OWNER,2 , 35.7 L,1020 ,Miyapur,Under ConstructionConstruction Status,"3,500 / sq ft"
seller,OWNER,2 , 26 L,1530 ,muthangi,Under ConstructionConstruction Status,"1,699 / sq ft"
seller,OWNER,2 , 35.7 L,1020 ,Miyapur,Under ConstructionConstruction Status,"3,500 / sq ft"
seller,OWNER,2 , 36 L,1570 ,muthangi,Under ConstructionConstruction Status,"2,292 / sq ft"
seller,OWNER,2 , 36 L,1570 ,muthangi,Under ConstructionConstruction Status,"2,292 / sq ft"
seller,OWNER,2 , 36 L,1570 ,muthangi,Under ConstructionConstruction Status,"2,292 / sq ft"
seller,OWNER,2 , 36 L,1570 ,muthangi,Under ConstructionConstruction Status,"2,292 / sq ft"
seller,OWNER,2 , 36 L,1570 ,muthangi,Under ConstructionConstruction Status,"2,292 / sq ft"
seller,OWNER,3 , 36 L,1570 ,muthangi,Under ConstructionConstruction Status,"2,292 / sq ft"
seller,OWNER,3 , 36 L,1570 ,muthangi,Under ConstructionConstruction Status,"2,292 / sq ft"
seller,OWNER,3 , 36 L,1570 ,muthangi,Under ConstructionConstruction Status,"2,292 / sq ft"
seller,OWNER,3 , 36 L,1570 ,muthangi,Under ConstructionConstruction Status,"2,292 / sq ft"
seller,OWNER,3 , 36 L,1570 ,muthangi,Under ConstructionConstruction Status,"2,292 / sq ft"
seller,OWNER,3 , 36 L,1570 ,muthangi,Under ConstructionConstruction Status,"2,292 / sq ft"
seller,OWNER,2 , 26 L,1170 ,muthangi,Under ConstructionConstruction Status,"2,222 / sq ft"
seller,OWNER,2 , 26 L,1170 ,muthangi,Under ConstructionConstruction Status,"2,222 / sq ft"
seller,OWNER,2 , 26 L,1170 ,muthangi,Under ConstructionConstruction Status,"2,222 / sq ft"
seller,OWNER,2 , 26 L,1170 ,muthangi,Under ConstructionConstruction Status,"2,222 / sq ft"
seller,OWNER,3 , 43.4 L,1240 ,Miyapur,Under ConstructionConstruction Status,"3,500 / sq ft"
seller,OWNER,2 , 35.7 L,1020 ,Miyapur,Under ConstructionConstruction Status,"3,500 / sq ft"
seller,OWNER,3 , 43.4 L,1240 ,Miyapur,Under ConstructionConstruction Status,"3,500 / sq ft"
seller,OWNER,2 , 26 L,1160 ,muthangi,Under ConstructionConstruction Status,"2,241 / sq ft"
seller,OWNER,2 , 35.7 L,1020 ,Miyapur,Under ConstructionConstruction Status,"3,500 / sq ft"
seller,OWNER,3 , 43.4 L,1240 ,Miyapur,Under ConstructionConstruction Status,"3,500 / sq ft"
seller,OWNER,2 , 35.7 L,1020 ,Miyapur,Under ConstructionConstruction Status,"3,500 / sq ft"
seller,OWNER,3 , 43.4 L,1240 ,Miyapur,Under ConstructionConstruction Status,"3,500 / sq ft"
seller,OWNER,2 , 26 L,1160 ,muthangi,Under ConstructionConstruction Status,"2,241 / sq ft"
seller,OWNER,2 , 35.7 L,1020 ,Miyapur,Under ConstructionConstruction Status,"3,500 / sq ft"
seller,OWNER,3 , 36 L,1560 ,muthangi,Under ConstructionConstruction Status,"2,307 / sq ft"
seller,OWNER,3 , 36 L,1560 ,muthangi,Under ConstructionConstruction Status,"2,307 / sq ft"
seller,OWNER,2 , 26 L,1160 ,muthangi,Under ConstructionConstruction Status,"2,241 / sq ft"
seller,OWNER,2 , 26 L,1160 ,muthangi,Under ConstructionConstruction Status,"2,241 / sq ft"
seller,OWNER,3 , 36 L,1560 ,muthangi,Under ConstructionConstruction Status,"2,307 / sq ft"
seller,OWNER,3 , 36 L,1560 ,muthangi,Under ConstructionConstruction Status,"2,307 / sq ft"
seller,OWNER,2 , 35.7 L,1020 ,Miyapur,Under ConstructionConstruction Status,"3,500 / sq ft"
seller,OWNER,2 , 36 L,1570 ,muthangi,Under ConstructionConstruction Status,"2,292 / sq ft"
seller,OWNER,2 , 26 L,1500 ,muthangi,Under ConstructionConstruction Status,"1,733 / sq ft"
seller,OWNER,2 , 26 L,1160 ,muthangi,Under ConstructionConstruction Status,"2,241 / sq ft"
seller,OWNER,3 , 36 L,1560 ,muthangi,Under ConstructionConstruction Status,"2,307 / sq ft"
seller,OWNER,2 , 35.7 L,1020 ,Miyapur,Under ConstructionConstruction Status,"3,500 / sq ft"
seller,OWNER,2 , 26 L,1160 ,muthangi,Under ConstructionConstruction Status,"2,241 / sq ft"
seller,OWNER,2 , 35.7 L,1020 ,Miyapur,Under ConstructionConstruction Status,"3,500 / sq ft"
seller,OWNER,3 , 1.31 Cr,3000 ,AS Rao Nagar,Ready to moveConstruction Status,"4,366 / sq ft"
seller,OWNER,3 , 1.31 Cr,3000 ,AS Rao Nagar,Ready to moveConstruction Status,"4,366 / sq ft"
seller,OWNER,3 , 1.31 Cr,3000 ,AS Rao Nagar,Ready to moveConstruction Status,"4,366 / sq ft"
seller,OWNER,3 , 1.31 Cr,3000 ,AS Rao Nagar,Ready to moveConstruction Status,"4,366 / sq ft"
seller,OWNER,3 , 1.19 Cr,3000 ,AS Rao Nagar,Ready to moveConstruction Status,"3,966 / sq ft"
seller,OWNER,3 , 1.31 Cr,3000 ,AS Rao Nagar,Ready to moveConstruction Status,"4,366 / sq ft"
seller,OWNER,2 , 60 L,1300 ,Pasumamula,Under ConstructionConstruction Status,"4,615 / sq ft"
seller,OWNER,2 , 60 L,1300 ,Pasumamula,Under ConstructionConstruction Status,"4,615 / sq ft"
seller,OWNER,2 , 60 L,1300 ,Pasumamula,Under ConstructionConstruction Status,"4,615 / sq ft"
seller,OWNER,2 , 60 L,1300 ,Pasumamula,Under ConstructionConstruction Status,"4,615 / sq ft"
seller,OWNER,2 , 60 L,1300 ,Pasumamula,Under ConstructionConstruction Status,"4,615 / sq ft"
seller,OWNER,2 , 60 L,1300 ,Pasumamula,Under ConstructionConstruction Status,"4,615 / sq ft"
seller,OWNER,2 , 60 L,1300 ,Pasumamula,Under ConstructionConstruction Status,"4,615 / sq ft"
seller,OWNER,2 , 32 L,870 ,Meerpet,Ready to moveConstruction Status,"3,678 / sq ft"
seller,OWNER,3 , 1.66 Cr,1870 ,Nanakramguda,Ready to moveConstruction Status,"8,877 / sq ft"
seller,OWNER,2 , 26 L,700 ,Manikonda,Ready to moveConstruction Status,"3,714 / sq ft"
seller,OWNER,2 , 62 L,1197 ,Chengicherla,Ready to moveConstruction Status,"5,179 / sq ft"
seller,OWNER,4 , 1 Cr,1800 ,Kondakal,Under ConstructionConstruction Status,"5,555 / sq ft"
seller,OWNER,4 , 1 Cr,1800 ,Kondakal,Under ConstructionConstruction Status,"5,555 / sq ft"
seller,OWNER,3 , 45 L,900 ,Kishan Bagh,Ready to moveConstruction Status,"5,000 / sq ft"
seller,OWNER,3 , 35 L,1595 ,muthangi,Under ConstructionConstruction Status,"2,194 / sq ft"
seller,OWNER,3 , 35 L,1595 ,muthangi,Under ConstructionConstruction Status,"2,194 / sq ft"
seller,OWNER,3 , 35 L,1595 ,muthangi,Under ConstructionConstruction Status,"2,194 / sq ft"
seller,OWNER,3 , 35 L,1595 ,muthangi,Under ConstructionConstruction Status,"2,194 / sq ft"
seller,OWNER,3 , 35 L,1595 ,muthangi,Under ConstructionConstruction Status,"2,194 / sq ft"
seller,OWNER,3 , 35 L,1595 ,muthangi,Under ConstructionConstruction Status,"2,194 / sq ft"
seller,OWNER,2 , 32 L,864 ,Jeedimetla,Ready to moveConstruction Status,"3,703 / sq ft"
seller,OWNER,2 , 32 L,864 ,Jeedimetla,Ready to moveConstruction Status,"3,703 / sq ft"
seller,OWNER,2 , 26 L,1170 ,muthangi,Under ConstructionConstruction Status,"2,222 / sq ft"
seller,OWNER,2 , 26 L,1170 ,muthangi,Under ConstructionConstruction Status,"2,222 / sq ft"
seller,OWNER,2 , 26 L,1170 ,muthangi,Under ConstructionConstruction Status,"2,222 / sq ft"
seller,OWNER,2 , 26 L,1170 ,muthangi,Under ConstructionConstruction Status,"2,222 / sq ft"
seller,OWNER,3 , 35 L,1595 ,muthangi,Under ConstructionConstruction Status,"2,194 / sq ft"
seller,OWNER,3 , 35 L,1595 ,muthangi,Under ConstructionConstruction Status,"2,194 / sq ft"
seller,OWNER,3 , 35 L,1595 ,muthangi,Under ConstructionConstruction Status,"2,194 / sq ft"
seller,OWNER,3 , 35 L,1595 ,muthangi,Under ConstructionConstruction Status,"2,194 / sq ft"
seller,OWNER,2 , 26 L,1170 ,muthangi,Under ConstructionConstruction Status,"2,222 / sq ft"
seller,OWNER,2 , 26 L,1170 ,muthangi,Under ConstructionConstruction Status,"2,222 / sq ft"
seller,OWNER,2 , 26 L,1170 ,muthangi,Under ConstructionConstruction Status,"2,222 / sq ft"
seller,OWNER,2 , 26 L,1170 ,muthangi,Under ConstructionConstruction Status,"2,222 / sq ft"
seller,OWNER,3 , 35 L,1595 ,muthangi,Under ConstructionConstruction Status,"2,194 / sq ft"
seller,OWNER,2 , 26 L,1170 ,muthangi,Under ConstructionConstruction Status,"2,222 / sq ft"
seller,OWNER,2 , 26 L,1170 ,muthangi,Under ConstructionConstruction Status,"2,222 / sq ft"
seller,OWNER,2 , 26 L,1170 ,muthangi,Under ConstructionConstruction Status,"2,222 / sq ft"
seller,OWNER,3 , 35 L,1595 ,muthangi,Under ConstructionConstruction Status,"2,194 / sq ft"
seller,OWNER,3 , 35 L,1595 ,muthangi,Under ConstructionConstruction Status,"2,194 / sq ft"
seller,OWNER,2 , 26 L,1170 ,muthangi,Under ConstructionConstruction Status,"2,222 / sq ft"
seller,OWNER,2 , 26 L,1170 ,muthangi,Under ConstructionConstruction Status,"2,222 / sq ft"
seller,OWNER,2 , 26 L,1170 ,muthangi,Under ConstructionConstruction Status,"2,222 / sq ft"
seller,OWNER,2 , 65 L,1220 ,Suchitra,Ready to moveConstruction Status,"5,327 / sq ft"
seller,OWNER,2 , 32 L,864 ,Jeedimetla,Ready to moveConstruction Status,"3,703 / sq ft"
seller,OWNER,Residential Plot, 28 L,1500 ,Shankarpalli,ResaleNew/Resale,"1,866 / sq ft"
seller,OWNER,Residential Plot, 24 L,1850 ,Desh Mukhi,ResaleNew/Resale,"1,297 / sq ft"
seller,OWNER,2 , 57 L,1200 ,Alwal,Ready to moveConstruction Status,"4,750 / sq ft"
seller,OWNER,3 , 56 L,1310 ,Vanasthalipuram,Under ConstructionConstruction Status,"4,274 / sq ft"
seller,OWNER,3 , 54.44 L,1945 ,Kompally,Under ConstructionConstruction Status,"2,798 / sq ft"
seller,OWNER,3 , 54.44 L,1945 ,Kompally,Under ConstructionConstruction Status,"2,798 / sq ft"
seller,OWNER,3 , 54.44 L,1945 ,Kompally,Under ConstructionConstruction Status,"2,798 / sq ft"
seller,OWNER,3 , 54.44 L,1945 ,Kompally,Under ConstructionConstruction Status,"2,798 / sq ft"
seller,OWNER,2 , 50 L,1182 ,Shankarpalli,Under ConstructionConstruction Status,"4,230 / sq ft"
seller,OWNER,2 , 50 L,1182 ,Shankarpalli,Under ConstructionConstruction Status,"4,230 / sq ft"
seller,OWNER,3 , 54.44 L,1945 ,Kompally,Under ConstructionConstruction Status,"2,798 / sq ft"
seller,OWNER,2 , 50 L,1182 ,Shankarpalli,Under ConstructionConstruction Status,"4,230 / sq ft"
seller,OWNER,2 , 50 L,1182 ,Shankarpalli,Under ConstructionConstruction Status,"4,230 / sq ft"
seller,OWNER,2 , 50 L,1182 ,Shankarpalli,Under ConstructionConstruction Status,"4,230 / sq ft"
seller,OWNER,2 , 50 L,1182 ,Shankarpalli,Under ConstructionConstruction Status,"4,230 / sq ft"
seller,OWNER,2 , 50 L,1182 ,Shankarpalli,Under ConstructionConstruction Status,"4,230 / sq ft"
seller,OWNER,2 , 50 L,1182 ,Shankarpalli,Under ConstructionConstruction Status,"4,230 / sq ft"
seller,OWNER,2 , 50 L,1182 ,Shankarpalli,Under ConstructionConstruction Status,"4,230 / sq ft"
seller,OWNER,2 , 50 L,1182 ,Shankarpalli,Under ConstructionConstruction Status,"4,230 / sq ft"
seller,OWNER,2 , 50 L,1182 ,Shankarpalli,Under ConstructionConstruction Status,"4,230 / sq ft"
seller,OWNER,2 , 50 L,1182 ,Shankarpalli,Under ConstructionConstruction Status,"4,230 / sq ft"
seller,OWNER,2 , 50 L,1182 ,Shankarpalli,Under ConstructionConstruction Status,"4,230 / sq ft"
seller,OWNER,2 , 50 L,1182 ,Shankarpalli,Under ConstructionConstruction Status,"4,230 / sq ft"
seller,OWNER,3 , 54.44 L,1945 ,Kompally,Under ConstructionConstruction Status,"2,798 / sq ft"
seller,OWNER,3 , 69.7 L,1470 ,Bachupally,Ready to moveConstruction Status,"4,741 / sq ft"
seller,OWNER,3 , 69.5 L,1470 ,Bachupally,Ready to moveConstruction Status,"4,727 / sq ft"
seller,OWNER,3 , 54.44 L,1945 ,Kompally,Under ConstructionConstruction Status,"2,798 / sq ft"
seller,OWNER,3 , 54.44 L,1945 ,Kompally,Under ConstructionConstruction Status,"2,798 / sq ft"
seller,OWNER,Residential Plot, 43 L,450 ,Gachibowli,ResaleNew/Resale,"9,555 / sq ft"
seller,OWNER,Residential Plot, 23 L,1530 ,Shankarpalli,ResaleNew/Resale,"1,503 / sq ft"
seller,OWNER,3 , 90 L,1525 ,East Marredpally,Ready to moveConstruction Status,"5,901 / sq ft"
seller,OWNER,4 , 90 L,2000 ,Malkajgiri,Under ConstructionConstruction Status,"4,500 / sq ft"
seller,OWNER,Residential Plot, 6.57 L,1314 ,Shadnagar,ResaleNew/Resale,500 / sq ft
seller,OWNER,4 , 2.3 Cr,2520 ,Balapur,Ready to moveConstruction Status,"9,126 / sq ft"
seller,OWNER,2 , 30 L,947 ,Bandlaguda Jagir,Ready to moveConstruction Status,"3,167 / sq ft"
seller,OWNER,2 , 52.96 L,1142 ,Shankarpalli,Under ConstructionConstruction Status,"4,637 / sq ft"
seller,OWNER,2 , 35 L,1200 ,Pragathi Nagar Kukatpally,Under ConstructionConstruction Status,"2,916 / sq ft"
seller,OWNER,2 , 65 L,1228 ,Tellapur,Under ConstructionConstruction Status,"5,293 / sq ft"
seller,OWNER,2 , 1.05 Cr,1100 ,Bandlaguda Jagir,Ready to moveConstruction Status,"9,545 / sq ft"
seller,OWNER,2 , 1.05 Cr,1100 ,Bandlaguda Jagir,Ready to moveConstruction Status,"9,545 / sq ft"
seller,OWNER,2 , 1.05 Cr,1100 ,Bandlaguda Jagir,Ready to moveConstruction Status,"9,545 / sq ft"
seller,OWNER,2 , 66 L,1120 ,Pedda Amberpet,Ready to moveConstruction Status,"5,892 / sq ft"
seller,OWNER,2 , 51 L,1060 ,Patancheru,Under ConstructionConstruction Status,"4,811 / sq ft"
seller,OWNER,2 , 45 L,930 ,Patancheru,Under ConstructionConstruction Status,"4,838 / sq ft"
seller,OWNER,2 , 45 L,930 ,Patancheru,Under ConstructionConstruction Status,"4,838 / sq ft"
seller,OWNER,2 , 45 L,930 ,Patancheru,Under ConstructionConstruction Status,"4,838 / sq ft"
seller,OWNER,2 , 45 L,930 ,Patancheru,Under ConstructionConstruction Status,"4,838 / sq ft"
seller,OWNER,2 , 45 L,930 ,Patancheru,Under ConstructionConstruction Status,"4,838 / sq ft"
seller,OWNER,2 , 40 L,950 ,Sainikpuri,Ready to moveConstruction Status,"4,210 / sq ft"
seller,OWNER,2 , 40 L,950 ,Sainikpuri,Ready to moveConstruction Status,"4,210 / sq ft"
seller,OWNER,2 , 40 L,950 ,Sainikpuri,Ready to moveConstruction Status,"4,210 / sq ft"
seller,OWNER,2 , 59.5 L,1090 ,Moosarambagh Road,Ready to moveConstruction Status,"5,458 / sq ft"
seller,OWNER,6 , 1.8 Cr,3500 ,Kukatpally,Ready to moveConstruction Status,"5,142 / sq ft"
seller,OWNER,6 , 1.8 Cr,3500 ,Kukatpally,Ready to moveConstruction Status,"5,142 / sq ft"
seller,OWNER,6 , 1.8 Cr,3500 ,Kukatpally,Ready to moveConstruction Status,"5,142 / sq ft"
seller,OWNER,6 , 1.8 Cr,3500 ,Kukatpally,Ready to moveConstruction Status,"5,142 / sq ft"
seller,OWNER,6 , 1.8 Cr,3500 ,Kukatpally,Ready to moveConstruction Status,"5,142 / sq ft"
seller,OWNER,6 , 1.8 Cr,3500 ,Kukatpally,Ready to moveConstruction Status,"5,142 / sq ft"
seller,OWNER,6 , 1.8 Cr,3500 ,Kukatpally,Ready to moveConstruction Status,"5,142 / sq ft"
seller,OWNER,6 , 1.8 Cr,3500 ,Kukatpally,Ready to moveConstruction Status,"5,142 / sq ft"
seller,OWNER,6 , 1.8 Cr,3500 ,Kukatpally,Ready to moveConstruction Status,"5,142 / sq ft"
seller,OWNER,6 , 1.8 Cr,3500 ,Kukatpally,Ready to moveConstruction Status,"5,142 / sq ft"
seller,OWNER,6 , 1.8 Cr,3500 ,Kukatpally,Ready to moveConstruction Status,"5,142 / sq ft"
seller,OWNER,6 , 1.8 Cr,3500 ,Kukatpally,Ready to moveConstruction Status,"5,142 / sq ft"
seller,OWNER,6 , 1.8 Cr,3500 ,Kukatpally,Ready to moveConstruction Status,"5,142 / sq ft"
seller,OWNER,6 , 1.8 Cr,3500 ,Kukatpally,Ready to moveConstruction Status,"5,142 / sq ft"
seller,OWNER,6 , 1.8 Cr,3500 ,Kukatpally,Ready to moveConstruction Status,"5,142 / sq ft"
seller,OWNER,6 , 1.8 Cr,3500 ,Kukatpally,Ready to moveConstruction Status,"5,142 / sq ft"
seller,OWNER,6 , 1.8 Cr,3500 ,Kukatpally,Ready to moveConstruction Status,"5,142 / sq ft"
seller,OWNER,2 , 1.5 Cr,1032 ,Osman Nagar,Ready to moveConstruction Status,"14,534 / sq ft"
seller,OWNER,3 , 40 L,1600 ,Bhanur,Under ConstructionConstruction Status,"2,500 / sq ft"
seller,OWNER,3 , 40 L,1600 ,Bhanur,Under ConstructionConstruction Status,"2,500 / sq ft"
seller,OWNER,2 , 1.5 Cr,1032 ,Osman Nagar,Ready to moveConstruction Status,"14,534 / sq ft"
seller,OWNER,2 , 1.5 Cr,1032 ,Osman Nagar,Ready to moveConstruction Status,"14,534 / sq ft"
seller,OWNER,2 , 1.5 Cr,1032 ,Osman Nagar,Ready to moveConstruction Status,"14,534 / sq ft"
seller,OWNER,Residential Plot, 20 L,1566 ,Kothur Patti Digwal,ResaleNew/Resale,"1,277 / sq ft"
seller,OWNER,Residential Plot, 20 L,1566 ,Kothur Patti Digwal,ResaleNew/Resale,"1,277 / sq ft"
seller,OWNER,Residential Plot, 20 L,1566 ,Kothur Patti Digwal,ResaleNew/Resale,"1,277 / sq ft"
seller,OWNER,Residential Plot, 20 L,1566 ,Kothur Patti Digwal,ResaleNew/Resale,"1,277 / sq ft"
seller,OWNER,Residential Plot, 20 L,1566 ,Kothur Patti Digwal,ResaleNew/Resale,"1,277 / sq ft"
seller,OWNER,Residential Plot, 36 L,1800 ,Nagole,ResaleNew/Resale,"2,000 / sq ft"
seller,OWNER,2 , 35 L,1000 ,Patancheru,Under ConstructionConstruction Status,"3,500 / sq ft"
seller,OWNER,3 , 84.5 L,2325 ,Mettuguda,Ready to moveConstruction Status,"3,634 / sq ft"
seller,OWNER,Residential Plot, 48 L,1800 ,Bhanur,ResaleNew/Resale,"2,666 / sq ft"
seller,OWNER,2 , 58 L,990 ,Badangpet,Ready to moveConstruction Status,"5,858 / sq ft"
seller,OWNER,2 , 30 L,1250 ,Kollur,Under ConstructionConstruction Status,"2,400 / sq ft"
seller,OWNER,2 , 44 L,1200 ,Pragathi Nagar Kukatpally,Under ConstructionConstruction Status,"3,666 / sq ft"
seller,OWNER,2 , 44 L,1200 ,Pragathi Nagar Kukatpally,Under ConstructionConstruction Status,"3,666 / sq ft"
seller,OWNER,2 , 44 L,1200 ,Pragathi Nagar Kukatpally,Under ConstructionConstruction Status,"3,666 / sq ft"
seller,OWNER,2 , 44 L,1200 ,Pragathi Nagar Kukatpally,Under ConstructionConstruction Status,"3,666 / sq ft"
seller,OWNER,2 , 44 L,1200 ,Pragathi Nagar Kukatpally,Under ConstructionConstruction Status,"3,666 / sq ft"
seller,OWNER,Residential Plot, 30 L,1575 ,Kothur,ResaleNew/Resale,"1,904 / sq ft"
seller,OWNER,Residential Plot, 30 L,1575 ,Kothur,ResaleNew/Resale,"1,904 / sq ft"
seller,OWNER,3 , 91 L,1900 ,Bollaram,Ready to moveConstruction Status,"4,789 / sq ft"
seller,OWNER,3 , 3 Cr,2005 ,Kompally,Ready to moveConstruction Status,"14,962 / sq ft"
seller,OWNER,3 , 82 L,1515 ,Kondapur,Ready to moveConstruction Status,"5,412 / sq ft"
seller,OWNER,2 , 87 L,1145 ,Kukatpally,Ready to moveConstruction Status,"7,598 / sq ft"
seller,OWNER,3 , 82 L,1515 ,Kondapur,Ready to moveConstruction Status,"5,412 / sq ft"
seller,OWNER,3 , 82 L,1515 ,Kondapur,Ready to moveConstruction Status,"5,412 / sq ft"
seller,OWNER,2 , 29.5 L,1040 ,Pragathi Nagar Kukatpally,Ready to moveConstruction Status,"2,836 / sq ft"
seller,OWNER,6 , 2.2 Cr,4000 ,Mokila,Under ConstructionConstruction Status,"5,500 / sq ft"
seller,OWNER,6 , 2.2 Cr,4000 ,Mokila,Under ConstructionConstruction Status,"5,500 / sq ft"
seller,OWNER,6 , 2.2 Cr,4000 ,Mokila,Under ConstructionConstruction Status,"5,500 / sq ft"
seller,OWNER,2 , 22 L,1100 ,Shamirpet,Ready to moveConstruction Status,"2,000 / sq ft"
seller,OWNER,2 , 40 L,750 ,LB Nagar,Ready to moveConstruction Status,"5,333 / sq ft"
seller,OWNER,6 , 2.2 Cr,4000 ,Mokila,Under ConstructionConstruction Status,"5,500 / sq ft"
seller,OWNER,6 , 2.2 Cr,4000 ,Mokila,Under ConstructionConstruction Status,"5,500 / sq ft"
seller,OWNER,Residential Plot, 18.18 L,2727 ,Chevella,ResaleNew/Resale,666 / sq ft
seller,OWNER,Residential Plot, 18.18 L,2727 ,Chevella,ResaleNew/Resale,666 / sq ft
seller,OWNER,Residential Plot, 18.18 L,2727 ,Chevella,ResaleNew/Resale,666 / sq ft
seller,OWNER,Residential Plot, 18.18 L,2727 ,Chevella,ResaleNew/Resale,666 / sq ft
seller,OWNER,Residential Plot, 18.18 L,2727 ,Chevella,ResaleNew/Resale,666 / sq ft
seller,OWNER,Residential Plot, 18.18 L,2727 ,Chevella,ResaleNew/Resale,666 / sq ft
seller,OWNER,Residential Plot, 18.18 L,2727 ,Chevella,ResaleNew/Resale,666 / sq ft
seller,OWNER,Residential Plot, 18.18 L,2727 ,Chevella,ResaleNew/Resale,666 / sq ft
seller,OWNER,Residential Plot, 18.18 L,2727 ,Chevella,ResaleNew/Resale,666 / sq ft
seller,OWNER,Residential Plot, 18.18 L,2727 ,Chevella,ResaleNew/Resale,666 / sq ft
seller,OWNER,Residential Plot, 18.18 L,2727 ,Chevella,ResaleNew/Resale,666 / sq ft
seller,OWNER,Residential Plot, 18.18 L,2727 ,Chevella,ResaleNew/Resale,666 / sq ft
seller,OWNER,Residential Plot, 18.18 L,2727 ,Chevella,ResaleNew/Resale,666 / sq ft
seller,OWNER,Residential Plot, 18.18 L,2727 ,Chevella,ResaleNew/Resale,666 / sq ft
seller,OWNER,Residential Plot, 18.18 L,2727 ,Chevella,ResaleNew/Resale,666 / sq ft
seller,OWNER,Residential Plot, 18.18 L,2727 ,Chevella,ResaleNew/Resale,666 / sq ft
seller,OWNER,Residential Plot, 18.18 L,2727 ,Chevella,ResaleNew/Resale,666 / sq ft
seller,OWNER,Residential Plot, 18.18 L,2727 ,Chevella,ResaleNew/Resale,666 / sq ft
seller,OWNER,Residential Plot, 18.18 L,2727 ,Chevella,ResaleNew/Resale,666 / sq ft
seller,OWNER,3 , 43.05 L,1230 ,Miyapur,Under ConstructionConstruction Status,"3,500 / sq ft"
seller,OWNER,2 , 38.5 L,1150 ,Aminpur,Under ConstructionConstruction Status,"3,347 / sq ft"
seller,OWNER,3 , 56.65 L,1590 ,Chandanagar,Under ConstructionConstruction Status,"3,562 / sq ft"
seller,OWNER,2 , 56.17 L,1605 ,Miyapur,Under ConstructionConstruction Status,"3,500 / sq ft"
seller,OWNER,3 , 55.82 L,1595 ,Chandanagar Vill,Under ConstructionConstruction Status,"3,500 / sq ft"
seller,OWNER,2 , 46.9 L,1340 ,Chandanagar Vill,Under ConstructionConstruction Status,"3,500 / sq ft"
seller,OWNER,2 , 35.87 L,1025 ,Miyapur,Under ConstructionConstruction Status,"3,500 / sq ft"
seller,OWNER,2 , 37.1 L,1060 ,Miyapur,Under ConstructionConstruction Status,"3,500 / sq ft"
seller,OWNER,2 , 43.05 L,1230 ,Miyapur,Under ConstructionConstruction Status,"3,500 / sq ft"
seller,OWNER,2 , 38.5 L,1100 ,Miyapur,Under ConstructionConstruction Status,"3,500 / sq ft"
seller,OWNER,3 , 53.55 L,1530 ,Miyapur,Under ConstructionConstruction Status,"3,500 / sq ft"
seller,OWNER,3 , 85 L,1450 ,Madhapur,Ready to moveConstruction Status,"5,862 / sq ft"
seller,OWNER,3 , 85 L,1450 ,Madhapur,Ready to moveConstruction Status,"5,862 / sq ft"
seller,OWNER,3 , 85 L,1450 ,Madhapur,Ready to moveConstruction Status,"5,862 / sq ft"
seller,OWNER,3 , 85 L,1450 ,Madhapur,Ready to moveConstruction Status,"5,862 / sq ft"
seller,OWNER,3 , 85 L,1450 ,Madhapur,Ready to moveConstruction Status,"5,862 / sq ft"
seller,OWNER,3 , 85 L,1450 ,Madhapur,Ready to moveConstruction Status,"5,862 / sq ft"
seller,OWNER,3 , 85 L,1450 ,Madhapur,Ready to moveConstruction Status,"5,862 / sq ft"
seller,OWNER,3 , 85 L,1450 ,Madhapur,Ready to moveConstruction Status,"5,862 / sq ft"
seller,OWNER,3 , 85 L,1450 ,Madhapur,Ready to moveConstruction Status,"5,862 / sq ft"
seller,OWNER,3 , 85 L,1450 ,Madhapur,Ready to moveConstruction Status,"5,862 / sq ft"
seller,OWNER,3 , 85 L,1450 ,Madhapur,Ready to moveConstruction Status,"5,862 / sq ft"
seller,OWNER,6 , 1.43 Cr,2600 ,Mokila,Under ConstructionConstruction Status,"5,500 / sq ft"
seller,OWNER,Residential Plot, 98 L,3600 ,Kundanpally,ResaleNew/Resale,"2,722 / sq ft"
seller,OWNER,Residential Plot, 98 L,3600 ,Kundanpally,ResaleNew/Resale,"2,722 / sq ft"
seller,OWNER,Residential Plot, 98 L,3600 ,Kundanpally,ResaleNew/Resale,"2,722 / sq ft"
seller,OWNER,Residential Plot, 98 L,3600 ,Kundanpally,ResaleNew/Resale,"2,722 / sq ft"
seller,OWNER,Residential Plot, 98 L,3600 ,Kundanpally,ResaleNew/Resale,"2,722 / sq ft"
seller,OWNER,Residential Plot, 98 L,3600 ,Kundanpally,ResaleNew/Resale,"2,722 / sq ft"
seller,OWNER,Residential Plot, 27 L,1450 ,Kothur,ResaleNew/Resale,"1,862 / sq ft"
seller,OWNER,2 , 55 L,1015 ,Ramachandra Puram,Ready to moveConstruction Status,"5,418 / sq ft"
seller,OWNER,3 , 66 L,1450 ,Nagaram Hyderabad South,Ready to moveConstruction Status,"4,551 / sq ft"
seller,OWNER,5 , 2.5 Cr,2800 ,Habsiguda,Ready to moveConstruction Status,"8,928 / sq ft"
seller,OWNER,Residential Plot, 1.13 Cr,2700 ,Almasguda,ResaleNew/Resale,"4,211 / sq ft"
seller,OWNER,Residential Plot, 1.13 Cr,2700 ,Almasguda,ResaleNew/Resale,"4,211 / sq ft"
seller,OWNER,Residential Plot, 1.13 Cr,2700 ,Almasguda,ResaleNew/Resale,"4,211 / sq ft"
seller,OWNER,Residential Plot, 1.13 Cr,2700 ,Almasguda,ResaleNew/Resale,"4,211 / sq ft"
seller,OWNER,Residential Plot, 1.13 Cr,2700 ,Almasguda,ResaleNew/Resale,"4,211 / sq ft"
seller,OWNER,Residential Plot, 1.13 Cr,2700 ,Almasguda,ResaleNew/Resale,"4,211 / sq ft"
seller,OWNER,Residential Plot, 1.13 Cr,2700 ,Almasguda,ResaleNew/Resale,"4,211 / sq ft"
seller,OWNER,Residential Plot, 1.13 Cr,2700 ,Almasguda,ResaleNew/Resale,"4,211 / sq ft"
seller,OWNER,Residential Plot, 1.13 Cr,2700 ,Almasguda,ResaleNew/Resale,"4,211 / sq ft"
seller,OWNER,Residential Plot, 1.13 Cr,2700 ,Almasguda,ResaleNew/Resale,"4,211 / sq ft"
seller,OWNER,Residential Plot, 1.13 Cr,2700 ,Almasguda,ResaleNew/Resale,"4,211 / sq ft"
seller,OWNER,Residential Plot, 1.13 Cr,2700 ,Almasguda,ResaleNew/Resale,"4,211 / sq ft"
seller,OWNER,2 , 72 L,1550 ,Godumakunta,Ready to moveConstruction Status,"4,645 / sq ft"
seller,OWNER,2 , 80 L,1126 ,Kukatpally,Ready to moveConstruction Status,"7,104 / sq ft"
seller,OWNER,2 , 37 L,1020 ,Chandanagar,Under ConstructionConstruction Status,"3,627 / sq ft"
seller,OWNER,Residential Plot, 80 L,2925 ,Shamirpet,ResaleNew/Resale,"2,735 / sq ft"
seller,OWNER,Residential Plot, 45 L,3285 ,Gollur,ResaleNew/Resale,"1,369 / sq ft"
seller,OWNER,Residential Plot, 45 L,3285 ,Gollur,ResaleNew/Resale,"1,369 / sq ft"
seller,OWNER,Residential Plot, 45 L,3285 ,Gollur,ResaleNew/Resale,"1,369 / sq ft"
seller,OWNER,Residential Plot, 45 L,3285 ,Gollur,ResaleNew/Resale,"1,369 / sq ft"
seller,OWNER,Residential Plot, 45 L,3285 ,Gollur,ResaleNew/Resale,"1,369 / sq ft"
seller,OWNER,Residential Plot, 45 L,3285 ,Gollur,ResaleNew/Resale,"1,369 / sq ft"
seller,OWNER,Residential Plot, 20 L,2160 ,Kothur,ResaleNew/Resale,925 / sq ft
seller,OWNER,2 , 47.5 L,1125 ,Yapral,Under ConstructionConstruction Status,"4,222 / sq ft"
seller,OWNER,3 , 86 L,1515 ,Kondapur,Ready to moveConstruction Status,"5,676 / sq ft"
seller,OWNER,3 , 77.98 L,1654 ,Hayathnagar,Under ConstructionConstruction Status,"4,715 / sq ft"
seller,OWNER,3 , 92.5 L,1700 ,Kompally,Ready to moveConstruction Status,"5,441 / sq ft"
seller,OWNER,2 , 40 L,755 ,LB Nagar,Ready to moveConstruction Status,"5,298 / sq ft"
seller,OWNER,2 , 40 L,755 ,LB Nagar,Ready to moveConstruction Status,"5,298 / sq ft"
seller,OWNER,3 , 1.5 Cr,1800 ,Ameerpet,Ready to moveConstruction Status,"8,333 / sq ft"
seller,OWNER,2 , 40 L,755 ,LB Nagar,Ready to moveConstruction Status,"5,298 / sq ft"
seller,OWNER,3 , 1.5 Cr,1800 ,Ameerpet,Ready to moveConstruction Status,"8,333 / sq ft"
seller,OWNER,2 , 40 L,755 ,LB Nagar,Ready to moveConstruction Status,"5,298 / sq ft"
seller,OWNER,10 , 3.8 Cr,4735 ,Mehdipatnam,Ready to moveConstruction Status,"8,025 / sq ft"
seller,OWNER,2 , 57 L,1250 ,Nadergul,Ready to moveConstruction Status,"4,560 / sq ft"
seller,OWNER,2 , 57 L,1250 ,Nadergul,Ready to moveConstruction Status,"4,560 / sq ft"
seller,OWNER,2 , 57 L,1250 ,Nadergul,Ready to moveConstruction Status,"4,560 / sq ft"
seller,OWNER,Residential Plot, 36.5 L,1040 ,Chevella,ResaleNew/Resale,"3,509 / sq ft"
seller,OWNER,Residential Plot, 18.18 L,2727 ,Chevella,ResaleNew/Resale,666 / sq ft
seller,OWNER,Residential Plot, 18.18 L,2727 ,Chevella,ResaleNew/Resale,666 / sq ft
seller,OWNER,Residential Plot, 18.18 L,2727 ,Chevella,ResaleNew/Resale,666 / sq ft
seller,OWNER,Residential Plot, 18.18 L,2727 ,Chevella,ResaleNew/Resale,666 / sq ft
seller,OWNER,Residential Plot, 36.5 L,1040 ,Chevella,ResaleNew/Resale,"3,509 / sq ft"
seller,OWNER,Residential Plot, 36.5 L,1040 ,Chevella,ResaleNew/Resale,"3,509 / sq ft"
Kosher Proctor I Pvt Ltd,AGENT,3 , 1.09 Cr,1592 ,Kukatpally,Ready to moveConstruction Status,"6,900 / sq ft"
Kosher Proctor I Pvt Ltd,AGENT,2 , 94.11 L,1426 ,Kukatpally,Under ConstructionConstruction Status,"6,600 / sq ft"
seller,OWNER,2 , 39.74 L,1150 ,Pragathi Nagar Kukatpally,Under ConstructionConstruction Status,"3,456 / sq ft"
seller,OWNER,2 , 41.47 L,1200 ,Pragathi Nagar Kukatpally,Under ConstructionConstruction Status,"3,456 / sq ft"
seller,OWNER,2 , 57 L,1250 ,Nadergul,Ready to moveConstruction Status,"4,560 / sq ft"
seller,OWNER,2 , 57 L,1250 ,Nadergul,Ready to moveConstruction Status,"4,560 / sq ft"
seller,OWNER,Residential Plot, 15 L,2700 ,Bhuvanagiri,ResaleNew/Resale,555 / sq ft
seller,OWNER,4 , 76.89 L,2160 ,Patancheru,Ready to moveConstruction Status,"3,560 / sq ft"
seller,OWNER,3 , 42.75 L,1585 ,Kompally,Under ConstructionConstruction Status,"2,697 / sq ft"
seller,OWNER,3 , 42.75 L,1585 ,Kompally,Under ConstructionConstruction Status,"2,697 / sq ft"
seller,OWNER,2 , 36 L,1142 ,Nagaram,Ready to moveConstruction Status,"3,152 / sq ft"
seller,OWNER,3 , 1.16 Cr,2700 ,Bachupally,Under ConstructionConstruction Status,"4,332 / sq ft"
seller,OWNER,Residential Plot, 36 L,2700 ,Bibinagar,ResaleNew/Resale,"1,333 / sq ft"
seller,OWNER,Residential Plot, 36 L,2700 ,Bibinagar,ResaleNew/Resale,"1,333 / sq ft"
seller,OWNER,Residential Plot, 36 L,2700 ,Bibinagar,ResaleNew/Resale,"1,333 / sq ft"
seller,OWNER,Residential Plot, 36 L,2700 ,Bibinagar,ResaleNew/Resale,"1,333 / sq ft"
seller,OWNER,Residential Plot, 34 L,1800 ,Ibrahimpatnam,ResaleNew/Resale,"1,888 / sq ft"
seller,OWNER,Residential Plot, 34 L,1800 ,Ibrahimpatnam,ResaleNew/Resale,"1,888 / sq ft"
seller,OWNER,Residential Plot, 34 L,1800 ,Ibrahimpatnam,ResaleNew/Resale,"1,888 / sq ft"
seller,OWNER,Residential Plot, 34 L,1800 ,Ibrahimpatnam,ResaleNew/Resale,"1,888 / sq ft"
seller,OWNER,Residential Plot, 34 L,1800 ,Ibrahimpatnam,ResaleNew/Resale,"1,888 / sq ft"
Kosher Proctor I Pvt Ltd,AGENT,2 , 31.94 L,819 ,Nizampet,Under ConstructionConstruction Status,"3,900 / sq ft"
seller,OWNER,3 , 1.65 Cr,2230 ,Kollur,Under ConstructionConstruction Status,"7,399 / sq ft"
seller,OWNER,3 , 1.65 Cr,2230 ,Kollur,Under ConstructionConstruction Status,"7,399 / sq ft"
seller,OWNER,3 , 1.65 Cr,2230 ,Kollur,Under ConstructionConstruction Status,"7,399 / sq ft"
seller,OWNER,3 , 1.65 Cr,2230 ,Kollur,Under ConstructionConstruction Status,"7,399 / sq ft"
seller,OWNER,3 , 1.65 Cr,2230 ,Kollur,Under ConstructionConstruction Status,"7,399 / sq ft"
seller,OWNER,3 , 1.65 Cr,2230 ,Kollur,Under ConstructionConstruction Status,"7,399 / sq ft"
seller,OWNER,3 , 1.65 Cr,2230 ,Kollur,Under ConstructionConstruction Status,"7,399 / sq ft"
seller,OWNER,3 , 1.65 Cr,2230 ,Kollur,Under ConstructionConstruction Status,"7,399 / sq ft"
seller,OWNER,3 , 1.65 Cr,2230 ,Kollur,Under ConstructionConstruction Status,"7,399 / sq ft"
seller,OWNER,3 , 1.65 Cr,2230 ,Kollur,Under ConstructionConstruction Status,"7,399 / sq ft"
seller,OWNER,3 , 1.65 Cr,2230 ,Kollur,Under ConstructionConstruction Status,"7,399 / sq ft"
seller,OWNER,3 , 1.65 Cr,2230 ,Kollur,Under ConstructionConstruction Status,"7,399 / sq ft"
seller,OWNER,7 , 1 Cr,2500 ,Balapur,Ready to moveConstruction Status,"4,000 / sq ft"
seller,OWNER,Residential Plot, 24 L,1800 ,Yacharam,ResaleNew/Resale,"1,333 / sq ft"
seller,OWNER,Residential Plot, 24 L,1800 ,Yacharam,ResaleNew/Resale,"1,333 / sq ft"
seller,OWNER,Residential Plot, 24 L,1800 ,Yacharam,ResaleNew/Resale,"1,333 / sq ft"
seller,OWNER,2 , 66 L,1360 ,Rampally,Ready to moveConstruction Status,"4,852 / sq ft"
seller,OWNER,2 , 44 L,1020 ,Miyapur,Ready to moveConstruction Status,"4,313 / sq ft"
seller,OWNER,3 , 70 L,1580 ,Neknampur,Under ConstructionConstruction Status,"4,430 / sq ft"
seller,OWNER,3 , 70 L,1460 ,Bachupally,Ready to moveConstruction Status,"4,794 / sq ft"
seller,OWNER,3 , 70 L,1460 ,Bachupally,Ready to moveConstruction Status,"4,794 / sq ft"
seller,OWNER,2 , 45 L,1170 ,Nizampet,Ready to moveConstruction Status,"3,846 / sq ft"
seller,OWNER,2 , 45 L,1170 ,Nizampet,Ready to moveConstruction Status,"3,846 / sq ft"
seller,OWNER,2 , 82 L,1156 ,Gachibowli,Ready to moveConstruction Status,"7,093 / sq ft"
seller,OWNER,6 , 1.3 Cr,2400 ,AS Rao Nagar,Ready to moveConstruction Status,"5,416 / sq ft"
seller,OWNER,2 , 44 L,1100 ,Balanagar,Ready to moveConstruction Status,"4,000 / sq ft"
seller,OWNER,3 , 68 L,1300 ,Yousufguda,Ready to moveConstruction Status,"5,230 / sq ft"
Pranay Bandam,AGENT,3 , 48.45 L,1615 ,Balanagar,Under ConstructionConstruction Status,"3,000 / sq ft"
Propladder Hyderabad Branch,AGENT,3 , 1.14 Cr,2120 ,Kokapet,Under ConstructionConstruction Status,Price
Shivasai Builders,AGENT,3 , 42 L,1200 ,Madhapur,Under ConstructionConstruction Status,"3,500 / sq ft"
Shivasai Builders,AGENT,1 , 12.5 L,629 ,Tukkuguda,Under ConstructionConstruction Status,"1,987 / sq ft"
Ajay R Homes,AGENT,3 , 29 L,1300 ,Shamirpet,Under ConstructionConstruction Status,"2,230 / sq ft"
Ajay R Homes,AGENT,2 , 21 L,980 ,Shamirpet,Under ConstructionConstruction Status,"2,142 / sq ft"
RK Properties,AGENT,4 , 2.8 Cr,3431 ,Narsingi,Ready to moveConstruction Status,"8,160 / sq ft"
RK Properties,AGENT,3 , 67.2 L,1600 ,Manchirevula,Under ConstructionConstruction Status,"4,200 / sq ft"
RK Properties,AGENT,3 , 71.4 L,1700 ,Manchirevula,Under ConstructionConstruction Status,"4,200 / sq ft"
RK Properties,AGENT,3 , 84 L,2000 ,Manchirevula,Under ConstructionConstruction Status,"4,200 / sq ft"
RK Properties,AGENT,3 , 92.4 L,2200 ,Hitech City,Under ConstructionConstruction Status,"4,200 / sq ft"
RK Properties,AGENT,3 , 1.26 Cr,3013 ,Kokapet,Under ConstructionConstruction Status,"4,200 / sq ft"
RK Properties,AGENT,2 , 68.92 L,1641 ,Nanakramguda,Under ConstructionConstruction Status,"4,200 / sq ft"
RK Properties,AGENT,3 , 81 L,1800 ,Hitech City,Under ConstructionConstruction Status,"4,500 / sq ft"
RK Properties,AGENT,3 , 92.44 L,2201 ,Nanakramguda,Under ConstructionConstruction Status,"4,200 / sq ft"
RK Properties,AGENT,3 , 1.09 Cr,2603 ,Kokapet,Under ConstructionConstruction Status,"4,200 / sq ft"
RK Properties,AGENT,3 , 1.09 Cr,2608 ,Kokapet,Under ConstructionConstruction Status,"4,200 / sq ft"
RK Properties,AGENT,3 , 1.17 Cr,2803 ,Kokapet,Under ConstructionConstruction Status,"4,200 / sq ft"
RK Properties,AGENT,3 , 1.17 Cr,2804 ,Kokapet,Under ConstructionConstruction Status,"4,200 / sq ft"
RK Properties,AGENT,3 , 1.26 Cr,3015 ,Kokapet,Under ConstructionConstruction Status,"4,200 / sq ft"
RK Properties,AGENT,3 , 67.2 L,1600 ,Kokapet,Under ConstructionConstruction Status,"4,200 / sq ft"
RK Properties,AGENT,3 , 1.08 Cr,2400 ,Hitech City,Under ConstructionConstruction Status,"4,500 / sq ft"
RK Properties,AGENT,3 , 1.68 Cr,4000 ,Kokapet,Under ConstructionConstruction Status,"4,200 / sq ft"
RK Properties,AGENT,2 , 54.6 L,1300 ,Hitech City,Under ConstructionConstruction Status,"4,200 / sq ft"
RK Properties,AGENT,3 , 67.2 L,1600 ,Nanakramguda,Under ConstructionConstruction Status,"4,200 / sq ft"
RK Properties,AGENT,2 , 57.12 L,1360 ,Nanakramguda,Under ConstructionConstruction Status,"4,200 / sq ft"
RK Properties,AGENT,2 , 57.12 L,1360 ,Hitech City,Under ConstructionConstruction Status,"4,200 / sq ft"
RK Properties,AGENT,3 , 1.17 Cr,2800 ,Hitech City,Under ConstructionConstruction Status,"4,200 / sq ft"
RK Properties,AGENT,3 , 84 L,2000 ,Hitech City,Under ConstructionConstruction Status,"4,200 / sq ft"
RK Properties,AGENT,3 , 78.12 L,1860 ,Nanakramguda,Under ConstructionConstruction Status,"4,200 / sq ft"
RK Properties,AGENT,3 , 1.14 Cr,2076 ,Bachupally,Under ConstructionConstruction Status,"5,500 / sq ft"
RK Properties,AGENT,3 , 84 L,2000 ,Kokapet,Under ConstructionConstruction Status,"4,200 / sq ft"
RK Properties,AGENT,3 , 1.56 Cr,2601 ,Nanakramguda,Under ConstructionConstruction Status,"5,999 / sq ft"
RK Properties,AGENT,3 , 1.43 Cr,2400 ,Nanakramguda,Under ConstructionConstruction Status,"5,999 / sq ft"
RK Properties,AGENT,3 , 1.32 Cr,2201 ,Nanakramguda,Under ConstructionConstruction Status,"5,999 / sq ft"
RK Properties,AGENT,3 , 2.4 Cr,4001 ,Nanakramguda,Under ConstructionConstruction Status,"5,999 / sq ft"
RK Properties,AGENT,3 , 1.79 Cr,3000 ,Nanakramguda,Under ConstructionConstruction Status,"5,999 / sq ft"
RK Properties,AGENT,3 , 2.39 Cr,4000 ,Nanakramguda,Under ConstructionConstruction Status,"5,999 / sq ft"
RK Properties,AGENT,3 , 95.98 L,1600 ,Narsingi,Under ConstructionConstruction Status,"5,999 / sq ft"
RK Properties,AGENT,3 , 1.07 Cr,1800 ,Manchirevula,Under ConstructionConstruction Status,"5,999 / sq ft"
RK Properties,AGENT,3 , 1.19 Cr,2000 ,Nanakramguda,Under ConstructionConstruction Status,"5,999 / sq ft"
RK Properties,AGENT,3 , 1.43 Cr,2400 ,Nanakramguda,Under ConstructionConstruction Status,"5,999 / sq ft"
RK Properties,AGENT,3 , 1.43 Cr,2400 ,Manchirevula,Under ConstructionConstruction Status,"5,999 / sq ft"
RK Properties,AGENT,2 , 77.98 L,1300 ,Manchirevula,Under ConstructionConstruction Status,"5,999 / sq ft"
RK Properties,AGENT,4 , 2.39 Cr,4000 ,Nanakramguda,Under ConstructionConstruction Status,"5,999 / sq ft"
RK Properties,AGENT,2 , 77.98 L,1300 ,Nanakramguda,Under ConstructionConstruction Status,"5,999 / sq ft"
RK Properties,AGENT,3 , 1.07 Cr,1800 ,Nanakramguda,Under ConstructionConstruction Status,"5,999 / sq ft"
RK Properties,AGENT,4 , 1.79 Cr,3000 ,Kokapet,Under ConstructionConstruction Status,"5,999 / sq ft"
RK Properties,AGENT,2 , 80.68 L,1345 ,Kokapet,Under ConstructionConstruction Status,"5,999 / sq ft"
RK Properties,AGENT,2 , 67.72 L,1129 ,Mokila,Ready to moveConstruction Status,"5,999 / sq ft"
RK Properties,AGENT,2 , 59.99 L,1000 ,Taramatipet,Under ConstructionConstruction Status,"5,999 / sq ft"
RK Properties,AGENT,3 , 1.43 Cr,2400 ,Hitech City,Under ConstructionConstruction Status,"5,999 / sq ft"
RK Properties,AGENT,3 , 1.07 Cr,1800 ,Hitech City,Under ConstructionConstruction Status,"5,999 / sq ft"
RK Properties,AGENT,3 , 1.67 Cr,2800 ,Kokapet,Under ConstructionConstruction Status,"5,999 / sq ft"
RK Properties,AGENT,3 , 1.79 Cr,3000 ,Kokapet,Under ConstructionConstruction Status,"5,999 / sq ft"
RK Properties,AGENT,3 , 1.55 Cr,2600 ,Kokapet,Under ConstructionConstruction Status,"5,999 / sq ft"
RK Properties,AGENT,2 , 59.99 L,1000 ,Taramatipet,Under ConstructionConstruction Status,"5,999 / sq ft"
RK Properties,AGENT,2 , 77.98 L,1300 ,Kokapet,Under ConstructionConstruction Status,"5,999 / sq ft"
RK Properties,AGENT,3 , 1.19 Cr,2000 ,Manchirevula,Under ConstructionConstruction Status,"5,999 / sq ft"
RK Properties,AGENT,4 , 1.79 Cr,3000 ,Hitech City,Under ConstructionConstruction Status,"5,999 / sq ft"
RK Properties,AGENT,4 , 2.33 Cr,3900 ,Manchirevula,Under ConstructionConstruction Status,"5,999 / sq ft"
RK Properties,AGENT,4 , 2.6 Cr,2700 ,Tellapur,Ready to moveConstruction Status,"9,629 / sq ft"
RK Properties,AGENT,2 , 77.98 L,1300 ,Hitech City,Under ConstructionConstruction Status,"5,999 / sq ft"
seller,OWNER,7 , 3.24 Cr,3501 ,Bowenpally,Ready to moveConstruction Status,"9,254 / sq ft"
seller,OWNER,8 , 1.8 Cr,3400 ,Old Bowenpally,Ready to moveConstruction Status,"5,294 / sq ft"
Akshita Infra Projects LlP,AGENT,3 , 64.4 L,1610 ,Alwal,Under ConstructionConstruction Status,"4,000 / sq ft"
seller,OWNER,2 , 74 L,1215 ,Miyapur,Ready to moveConstruction Status,"6,090 / sq ft"
seller,OWNER,3 , 92 L,1525 ,Kondapur,Ready to moveConstruction Status,"6,032 / sq ft"
Sangeeth,AGENT,2 , 33.12 L,1325 ,Hakimpet Hyderabad Karimnagar Highway,Under ConstructionConstruction Status,"2,500 / sq ft"
seller,OWNER,Residential Plot, 35 L,2700 ,Ghatkesar,ResaleNew/Resale,"1,296 / sq ft"
seller,OWNER,2 , 78 L,1620 ,Dammaiguda,Ready to moveConstruction Status,"4,814 / sq ft"
seller,OWNER,2 , 46.44 L,1080 ,Miyapur,Ready to moveConstruction Status,"4,300 / sq ft"
seller,OWNER,3 , 1.5 Cr,1900 ,Bhanur,Under ConstructionConstruction Status,"7,894 / sq ft"
seller,OWNER,2 , 49 L,900 ,Nizampet,Ready to moveConstruction Status,"5,444 / sq ft"
seller,OWNER,3 , 1.45 Cr,2030 ,Ramachandra Puram,Ready to moveConstruction Status,"7,142 / sq ft"
seller,OWNER,3 , 82 L,1500 ,Bandlaguda Jagir,Ready to moveConstruction Status,"5,466 / sq ft"
seller,OWNER,3 , 1.15 Cr,1780 ,Madhapur,Under ConstructionConstruction Status,"6,500 / sq ft"
seller,OWNER,3 , 1.78 Cr,3237 ,Mokila,Under ConstructionConstruction Status,"5,498 / sq ft"
seller,OWNER,4 , 4.6 Cr,3240 ,Kukatpally,Ready to moveConstruction Status,"14,197 / sq ft"
seller,OWNER,Residential Plot, 56 L,1800 ,Patancheru,ResaleNew/Resale,"3,111 / sq ft"
seller,OWNER,2 , 1.4 Cr,1800 ,Alwal,Ready to moveConstruction Status,"7,777 / sq ft"
Ajay,AGENT,3 , 78.5 L,1350 ,Kukatpally,Under ConstructionConstruction Status,"5,814 / sq ft"
Ajay,AGENT,3 , 78 L,1350 ,Kukatpally,Under ConstructionConstruction Status,"5,777 / sq ft"
SMR Estates,AGENT,Residential Plot, 86 L,200 ,Narapally,ResaleNew/Resale,"43,000 / sq ft"
SMR Estates,AGENT,Residential Plot, 99 L,220 ,Narapally,ResaleNew/Resale,"45,000 / sq ft"
SMR Estates,AGENT,Residential Plot, 29.99 L,1800 ,Bhuvanagiri,ResaleNew/Resale,"1,666 / sq ft"
SMR Estates,AGENT,Residential Plot, 30 L,1800 ,Bhuvanagiri,NewNew/Resale,"1,666 / sq ft"
RK Properties,AGENT,Residential Plot, 43.87 L,2925 ,Ghatkesar,ResaleNew/Resale,"1,499 / sq ft"
seller,OWNER,2 , 37 L,1170 ,Kollur,Under ConstructionConstruction Status,"3,162 / sq ft"
seller,OWNER,2 , 24.18 L,1100 ,Shamirpet,Under ConstructionConstruction Status,"2,199 / sq ft"
seller,OWNER,3 , 1.05 Cr,1833 ,Hastinapuram,Under ConstructionConstruction Status,"5,728 / sq ft"
seller,OWNER,1 , 24 L,650 ,Maruthi Nagar,Ready to moveConstruction Status,"3,692 / sq ft"
seller,OWNER,3 , 1.6 Cr,1928 ,Narayanguda,Ready to moveConstruction Status,"8,298 / sq ft"
seller,OWNER,3 , 2 Cr,1800 ,Malakpet,Ready to moveConstruction Status,"11,111 / sq ft"
seller,OWNER,3 , 75 L,1614 ,Sainikpuri,Ready to moveConstruction Status,"4,646 / sq ft"
seller,OWNER,3 , 1.23 Cr,2240 ,Narsingi,Under ConstructionConstruction Status,"5,491 / sq ft"
seller,OWNER,3 , 75 L,3200 ,Chinna Thokatta,Ready to moveConstruction Status,"2,343 / sq ft"
seller,OWNER,3 , 95 L,1450 ,Madhapur,Ready to moveConstruction Status,"6,551 / sq ft"
seller,OWNER,3 , 75 L,1650 ,Nanakramguda,Ready to moveConstruction Status,"4,545 / sq ft"
seller,OWNER,3 , 75 L,1230 ,Attapur,Ready to moveConstruction Status,"6,097 / sq ft"
seller,OWNER,3 , 1.02 Cr,1635 ,Attapur,Ready to moveConstruction Status,"6,244 / sq ft"
seller,OWNER,4 , 1.4 Cr,1425 ,AS Rao Nagar,Ready to moveConstruction Status,"9,824 / sq ft"
seller,OWNER,3 , 54 L,1670 ,Kothapet,Under ConstructionConstruction Status,"3,233 / sq ft"
seller,OWNER,2 , 24.84 L,1080 ,Medchal,Under ConstructionConstruction Status,"2,300 / sq ft"
seller,OWNER,Residential Plot, 21.15 L,1500 ,Bhuvanagiri,ResaleNew/Resale,"1,410 / sq ft"
seller,OWNER,2 , 58 L,1355 ,Bowenpally,Ready to moveConstruction Status,"4,280 / sq ft"
seller,OWNER,4 , 1.4 Cr,2200 ,Quthbullapur,Ready to moveConstruction Status,"6,363 / sq ft"
seller,OWNER,2 , 1.25 Cr,3000 ,Bolarum,Under ConstructionConstruction Status,"4,166 / sq ft"
seller,OWNER,5 , 1.25 Cr,3000 ,Mallampet,Under ConstructionConstruction Status,"4,166 / sq ft"
seller,OWNER,2 , 67 L,1040 ,Nallagandla Gachibowli,Ready to moveConstruction Status,"6,442 / sq ft"
seller,OWNER,Residential Plot, 88 L,2000 ,Cherlapalli,ResaleNew/Resale,"4,400 / sq ft"
seller,OWNER,Residential Plot, 19.46 L,1485 ,Toopra Khurd,ResaleNew/Resale,"1,311 / sq ft"
seller,OWNER,2 , 25 L,1000 ,Gajularamaram,Ready to moveConstruction Status,"2,500 / sq ft"
seller,OWNER,2 , 25 L,1000 ,Gajularamaram,Ready to moveConstruction Status,"2,500 / sq ft"
seller,OWNER,3 , 55 L,1400 ,Pragathi Nagar Kukatpally,Ready to moveConstruction Status,"3,928 / sq ft"
seller,OWNER,2 , 67 L,1255 ,Chanakyapuri,Ready to moveConstruction Status,"5,338 / sq ft"
seller,OWNER,4 , 8 Cr,5500 ,Gandipet,Ready to moveConstruction Status,"14,545 / sq ft"
seller,OWNER,2 , 38 L,755 ,LB Nagar,Ready to moveConstruction Status,"5,033 / sq ft"
seller,OWNER,3 , 1.17 Cr,1956 ,Kukatpally,Ready to moveConstruction Status,"5,981 / sq ft"
seller,OWNER,Residential Plot, 3.78 Cr,15120 ,Bonthapalle,ResaleNew/Resale,"2,500 / sq ft"
seller,OWNER,Residential Plot, 46 L,9009 ,Mallapur,ResaleNew/Resale,510 / sq ft
seller,OWNER,3 , 95 L,1500 ,Hafeezpet,Under ConstructionConstruction Status,"6,333 / sq ft"
seller,OWNER,4 , 1.1 Cr,1805 ,Toli Chowki,Ready to moveConstruction Status,"6,094 / sq ft"
seller,OWNER,2 , 52 L,1100 ,Pragathi Nagar Kukatpally,Ready to moveConstruction Status,"4,727 / sq ft"
seller,OWNER,Residential Plot, 24 L,1800 ,Ramdas Pally,ResaleNew/Resale,"1,333 / sq ft"
seller,OWNER,2 , 61.75 L,1235 ,Suchitra,Under ConstructionConstruction Status,"5,000 / sq ft"
seller,OWNER,3 , 1.38 Cr,2300 ,Sainikpuri,Ready to moveConstruction Status,"6,000 / sq ft"
seller,OWNER,3 , 43.8 L,1460 ,Patancheru,Under ConstructionConstruction Status,"3,000 / sq ft"
seller,OWNER,3 , 77.75 L,1555 ,Suchitra,Under ConstructionConstruction Status,"5,000 / sq ft"
seller,OWNER,2 , 36 L,862 ,Kukatpally,Ready to moveConstruction Status,"4,176 / sq ft"
seller,OWNER,4 , 74 L,1060 ,Himayat Nagar,Ready to moveConstruction Status,"6,981 / sq ft"
seller,OWNER,2 , 44.48 L,1025 ,Maheshwaram,Under ConstructionConstruction Status,"4,340 / sq ft"
seller,OWNER,2 , 95 L,1440 ,Moti Nagar,Ready to moveConstruction Status,"6,597 / sq ft"
seller,OWNER,3 , 95 L,850 ,Borabanda,Ready to moveConstruction Status,"11,176 / sq ft"
seller,OWNER,2 , 95 L,1440 ,Borabanda,Ready to moveConstruction Status,"6,597 / sq ft"
seller,OWNER,2 , 63 L,1050 ,Badangpet,Ready to moveConstruction Status,"6,000 / sq ft"
seller,OWNER,4 , 3.16 Cr,4225 ,Tellapur,Ready to moveConstruction Status,"7,500 / sq ft"
seller,OWNER,5 , 6 Cr,6500 ,Mokila,Ready to moveConstruction Status,"9,230 / sq ft"
seller,OWNER,3 , 71 L,1604 ,AS Rao Nagar,Ready to moveConstruction Status,"4,426 / sq ft"
seller,OWNER,3 , 35 L,1000 ,Boiguda,Ready to moveConstruction Status,"3,500 / sq ft"
seller,OWNER,4 , 62.5 L,1101 ,Miyapur,Ready to moveConstruction Status,"5,676 / sq ft"
seller,OWNER,3 , 1.33 Cr,1535 ,Kokapet,Ready to moveConstruction Status,"8,664 / sq ft"
seller,OWNER,4 , 5.5 Cr,4750 ,Mokila,Ready to moveConstruction Status,"11,578 / sq ft"
seller,OWNER,3 , 67.5 L,1047 ,Rajendra Nagar,Ready to moveConstruction Status,"6,447 / sq ft"
seller,OWNER,2 , 77.5 L,1000 ,Kukatpally,Ready to moveConstruction Status,"7,750 / sq ft"
seller,OWNER,5 , 1.2 Cr,2500 ,Bhuvanagiri,Under ConstructionConstruction Status,"4,800 / sq ft"
seller,OWNER,Residential Plot, 11.25 L,1800 ,Sadashivpet,ResaleNew/Resale,625 / sq ft
seller,OWNER,2 , 33 L,1000 ,Shamirpet,Ready to moveConstruction Status,"3,300 / sq ft"
seller,OWNER,3 , 1.15 Cr,2008 ,Patancheru,Under ConstructionConstruction Status,"5,750 / sq ft"
seller,OWNER,2 , 30 L,1098 ,Nizampet,Ready to moveConstruction Status,"2,732 / sq ft"
seller,OWNER,4 , 3.1 Cr,2957 ,Banjara Hills,Ready to moveConstruction Status,"10,483 / sq ft"
seller,OWNER,2 , 72 L,1225 ,Madhapur,Ready to moveConstruction Status,"5,877 / sq ft"
seller,OWNER,4 , 2 Cr,3351 ,Shamshabad,Under ConstructionConstruction Status,"5,968 / sq ft"
seller,OWNER,Residential Plot, 18.69 L,2403 ,Kadthal,ResaleNew/Resale,777 / sq ft
seller,OWNER,2 , 49 L,1195 ,Bolarum,Under ConstructionConstruction Status,"4,100 / sq ft"
seller,OWNER,2 , 67 L,1300 ,Rampally,Ready to moveConstruction Status,"5,153 / sq ft"
seller,OWNER,2 , 60 L,1050 ,Hayathnagar,Ready to moveConstruction Status,"5,714 / sq ft"
seller,OWNER,Residential Plot, 3.5 L,900 ,Shamshabad,ResaleNew/Resale,388 / sq ft
